id,damuku,arousal,excitement,pleasure,contentment,sleepiness,depression,misery,distress,audio_harmonic,audio_engergy,audio_centroid,audio_contrast_low,audio_contrast_middle,audio_contrast_high,audio_zero_crossing_rate,audio_slience_rate,optical_flow_mean,optical_flow_std,video_warmc,video_heavyl,video_activep,video_hards,video_darkProportion,video_lightPropertion,video_saturation,video_color_energy,video_color_std
1-188189-000039-000049,弹幕怎么这么少？组长独白nb what 这是！？,0,1,1,1,0,0,0,0,0.011474609375,0.0628003180027008,1262.8977182438746,20.018089177543427,11.923357295995496,37.066412299091226,0.13967768937211986,0.52,6.715612471452913e-06,0.005656979978084564,-0.4190873433997965,1.9124953485324951,1.7806604992613382,-2.3620592402876053,0.8327279874213835,0.02403825995807128,87.37393081761006,3.613554706973186,5374563.150259198
1-188189-000112-000122,这不是银桑吗别骗我 话完全调皮了。。 银魂。。。 噗、、、 ……,1,1,1,0,0,0,0,0,0.011990017361111112,0.10294746607542038,1389.7943994877178,19.62537614481743,12.536202593070461,37.10095403445338,0.17136421730990786,0.07,0.0005946875899098814,0.07528255879878998,-0.3943148903495431,2.5191723663522017,1.9385080358390296,-3.3048624979526986,0.535792714884696,0.13207154088050313,140.41140068134172,15.416884544790756,4362605.046408102
1-188189-000137-000147,2333。。。。 哈哈哈 哈哈哈哈哈不要玩了 银桑哈哈 啊♂ 不愧是组长= = 吐槽无力 自爆 这是开场么.. 你OOC了吧hhhhhhhhhhh 自爆么 = =~ 别闹  2333 ..........按错了. christmas fold - -,2,2,1,0,0,0,0,0,0.012830946180555556,0.10552020370960236,1704.3339320371522,17.787934431284665,10.902585702009098,38.37289323390757,0.21070573516705068,0.17,0.149174302816391,0.31553852558135986,-0.3692761925809866,2.268067085953878,1.562015270468242,-3.219812895538522,0.669190251572327,0.08195099580712786,203.46227725366876,11.990874121968975,17336524.46046602
1-188189-000201-000211,GJ 正片呢 什么呢 - - 金樽杯？2010?? 都说了是空间跳跃,2,2,2,0,0,0,0,0,0.011574074074074072,0.14496535062789914,1662.1198500301432,16.323022520199196,11.094208673899267,38.58961866803849,0.201441892281106,0.02,0.00028007998480461543,0.07306190580129622,-0.3612913895530737,3.147391247379455,1.8369541255677315,-3.7759228536098006,0.6020230607966456,0.2478052935010483,195.50193003144653,23.362897288589373,10019354.84381156
1-294113-000000-000010,UP主第一次投稿0.0不对的地方要指出来啊 谢谢 小羽！ 为盗笔 为盗笔 为盗笔 为盗笔 为盗笔 为盗笔 xia1 看见黑天，我也滚进来了，梦殿！！！！ 不错！ 16:9 每次看都燃爆 黑天！！！ 黑天赛高⊙▽⊙ 这里的确有一五镜头，话说比起瓶邪我更爱一五啊！！！ 这个BGM…… 16:9自动哟 小哥好帅的说！！！！可为什么感觉还是受 梦殿 ，军装赛高,1,1,1,0,0,0,0,0,0.014069733796296295,0.08160863071680069,1491.86025780575,13.556122890594196,10.771282357939384,43.89155175335266,0.20115387384792627,0.11,0.00010603262489894404,0.2306843400001526,-0.3664943171116171,2.7319866255144034,1.6592705226778584,-1.4325835808899183,0.5995987654320988,0.10650205761316872,142.30979423868314,,2116997.47124332
1-294113-000011-000021,aaaa 来看梦殿 小哥 小梦 小哥！电视剧  我要电视剧 BGM燃起来 花爷。。。。 艾玛帅爆 点赞啊！！！！！QAQ！以为三爷orz 唉~~~我是第一吗 赞\(≧▽≦)/ 小哥 求BGM！小梦帅爆了QAQ bgm帅 好帅！！ 青山不改 绿水长流 后会有期 很带感~ 好帅！！ 吼吼吼 小梦超赞！！！！,2,2,2,0,0,0,0,0,0.011944806134259259,0.2827049791812897,1699.7355977457078,15.358978191460624,13.484459637184148,33.32042935280525,0.19437193980414744,0.0,0.02213278971612453,0.4149201512336731,-0.3497276248181542,2.9810931069958846,1.9271352238890112,-2.646601305298354,0.4871707818930042,0.1114506172839506,99.54048353909464,12.621399481391508,6741675.114251599
1-294113-000033-000043,小哥好帅！！！！！！！！！ 对对对 不喜欢这天真 ,0,1,0,0,0,0,0,0,0.01246021412037037,0.3600788712501526,1384.9875926797974,20.479098197612515,15.446730969025946,39.45970678135362,0.13804408482142858,0.0,0.0008798792259767653,0.08288553357124329,-0.3003914833304246,3.4308168724279837,1.682120653717359,-4.001507661394033,0.4953395061728395,0.16790123456790124,115.47010288065843,18.793289676741406,6050548.414269443
1-294113-000045-000055,不知道为什么看小羽cos天真，就感觉天真反攻了 小梦！！！ 梦殿。。。  这里虐到我了 YOOOOOOOOOOOOOOOOOOOOOOOOOOOOOOOOOO 被吴邪的眼神戳中了ORZ 诶杀漠cos吴邪更像2333嗯嗯就是这样,2,2,0,0,0,0,0,0,0.011908637152777778,0.3022122383117676,1396.0021438272772,17.24627385395905,11.927693599987665,37.30205963094378,0.13848061275921658,0.0,0.017668306827545166,0.5508903861045837,-0.3400488358819346,2.483113683127572,1.849882137127952,-2.903078327546297,0.6463271604938272,0.07201646090534979,151.3227469135803,73.44221726339727,3524465.0790515714
1-1065435-000010-000020,什么鬼… 啊啊啊啊啊啊到底什么时候结束啊 转股是什么鬼 balabalabalabala 这是什么=-= 救命阿。 失败。。 ???? 2333333 2333333我也空降失败,0,0,0,0,2,0,0,0,0.014983000578703703,0.08635962754487991,1504.5541708672408,14.195504277212956,13.654618342505886,48.625404654635744,0.1690263176843318,0.33,0.002601496409624815,0.007655033841729164,-0.4102302354823247,2.697581161408322,1.4230780272389838,-1.5542533668409926,0.8855509830818474,0.052892089620484674,168.7996399176954,2.9602208857966,129564477.68064274
1-1065435-000227-000237,孝敏美美哒 同老司机 tara真的很棒 贤贤~~  正片开始 看我敏 空降成功 前面的都是什么鬼啊啊啊,1,0,1,1,0,0,0,0,0.011763961226851851,0.011395491659641266,963.3029875583103,15.610532973505462,13.434766465149671,42.3750684073629,0.10113497263824883,0.98,0.056105375289916985,0.13655512034893036,-0.4040349647251442,2.2769781664380435,1.6921161385833945,-2.3719219964563334,0.8544067215363511,0.011133973479652495,112.84266689529035,3.0911361213978834,27045904.59648916
1-1732361-000001-000011,萌化了 2333333萌哭 萌爆了。。。没胡子肯定更软。。。 又黑我抖森数学哈哈哈哈哈哈,0,0,1,1,1,0,0,0,0.012523509837962963,0.060501866042613976,2130.181553559601,15.804692555928655,17.84169927730454,35.01910149485104,0.30129878312211983,0.11,0.0015997764421626925,0.1376200020313263,-0.391822424034872,4.2555795717592595,1.014821400640156,-0.621914388925059,0.4707342303240738,0.412111545138889,45.28340350115741,3.215016487356177,48818050.89253926
1-1732361-000021-000031,萌死了萌死了 本尼快要憋不住笑了 想笑不敢笑的邻居233333 我要笑死了 抖森23333本尼表情好评ehehehehehe 2333,0,1,2,0,0,0,0,0,0.012378833912037037,0.06944587826728821,2169.1558851356144,17.754720814087104,16.535294484301964,33.61841320109976,0.3116921983006912,0.06,0.02083931118249893,0.595594584941864,-0.3579892800800761,3.3487099247685186,1.5430186057003137,-3.5600175638834637,0.5021144386574073,0.3036537905092592,68.25159215856479,3.3329504422102207,84549868.36443006
1-2285643-000045-000055,叶孟秋这么帅 为情景放任交错 觉得大庄主二庄主很萌，我一定是一只独特的黄鸡 雾草爹好帅！！！！ 啊啊好萌啊小庄花,1,0,0,1,0,1,0,1,0.01341869212962963,0.1188615709543228,984.8501333037264,23.265964053575317,16.549780442358404,41.20987123622875,0.07926132272465437,0.0,0.10900446772575377,0.4924614429473877,-0.2619326428515476,1.8951483680555552,2.1547898750266667,-3.207322831597222,0.3636013888888888,0.1576326388888889,72.26096875,4.174885687908058,58151252.70563986
1-2384563-000050-000100,血腥吗？血腥我就撤了 前方高能预警 一上来就福利？？？ 原来是个女人。 前方高能预警兼高能福利 屁股好棒 好看吗好看吗 好屁股！ 前方看奶福利 福利 我去上来就这么刺激,1,2,1,1,0,0,0,0,0.012586805555555556,0.00757648190483451,771.3767747687617,18.335788628361982,12.111960195351946,46.33610805524229,0.0892879644297235,0.99,0.025013888254761696,1.2908674478530884,-0.3690332160844705,2.477428349247685,1.6533185014799174,-2.8675615028663923,0.7617896412037034,0.11238425925925928,62.567917390046304,6.3873476726444975,10309125.2596713
1-2520183-000014-000024,字幕君真是太可爱了 也不想要约定 超喜欢超追梦的短片！ 还是说……真的 每天励志 眼睛娘，好评 认真眼镜,0,0,1,1,0,0,0,0,0.012288411458333334,0.07590802013874054,1251.3117822628058,13.576950052519848,13.115999724953664,38.7682964244545,0.14954232070852536,0.25,0.033192731440067284,0.4387311935424805,-0.257805212436309,4.400168033050413,1.634862510229252,-4.676120795154964,0.17178594393004118,0.3965483539094651,79.97369405864198,2.5791211917774732,138882529.27487925
1-2660693-000058-000108,那是因为你们不存钱233333333 以为终结者3 偷偷承包 大兄弟赶紧赤化美利坚 小伙子你要扣死啊 Insufficient Funds ,1,0,0,0,0,1,1,0,0.013798466435185184,0.020434815436601642,1702.300060149788,19.125823014675422,12.371112194515504,39.598235445404356,0.2010233654953917,0.65,1.8724058463703843e-06,0.013265321031212808,-0.4376429812664171,3.0535392795138887,1.4233575917213974,3.7098606061017074,0.8183072916666668,0.06918113425925926,39.13764612268519,1.6867945588823383,29672633.812613163
1-3045957-000149-000159,好带感 求bgm!！！！ 啊啊啊啊啊啊 每天日常贡献硬币系列,1,1,0,0,0,0,0,0,0.012017144097222222,0.2753799259662628,1662.166007847876,20.962240337689106,12.554120124668113,34.708703953309914,0.1835352462557604,0.0,0.04435864090919495,0.4819433987140656,-0.3588375656045652,3.2849540798611105,1.5156139396943171,0.06271113679108724,0.6497656249999999,0.1729184027777778,122.62440451388892,3.065016236150345,137972648.6291362
1-3138116-000024-000034,233333333333333 23333333333333333333333333 233333333333 哈哈哈哈哈哈 一家都是拓扑是什么鬼 笑到停不下来 hhhhhhh 哈哈哈哈哈哈哈哈 大娃 大娃哈哈哈哈哈哈,0,0,2,1,0,0,0,0,0.01341869212962963,0.06707657873630524,1264.4884932320508,19.68125279356117,16.01741131242755,41.753879266100455,0.15320780529953915,0.03,0.003847732441499829,0.7186068892478943,-0.4650985802563459,2.7160073456790133,1.4326357614677392,4.815663906153548,0.9381697530864198,0.01616296296296297,33.54275401234568,,24916555.201489195
1-3201662-000035-000045,啊啊啊啊啊小李太帅 好帅 炸啦 我老公帅的要死 小李子我的(??ω?)?嘿 妈的 别这样看人 好帅啊 颜值爆表 舔舔屏 啊啊啊啊啊啊啊 好帅好帅 啊啊啊啊啊啊啊啊啊啊 帅 boom!!!,2,2,1,0,0,0,0,0,0.013147424768518521,0.3536660075187683,1260.8996365802745,23.746371012835393,17.011062316281148,35.69071155198367,0.09547361031105993,0.0,0.17964597046375275,0.9691041111946106,-0.3642598087055389,2.5075695301783267,1.6098958088886943,0.3769978413816007,0.6594993141289437,0.10726808984910836,115.66443415637859,2.9536344883568924,213170877.7972664
1-3545880-000004-000014,好电影 好看吗 吊炸天..111 谁在看？2333333333 2333 23333333333 缓冲得不是一般久 1 1 1 好看 强烈推荐太好看了 第三遍了，每次看都隔了一年 好像看过 超爱，超爱来看第二遍 第二遍！最爱的电影，没有之一！ 这个音乐好激动激动,2,2,1,0,0,0,0,0,0.011366102430555556,0.017216812819242474,1525.9148370592857,17.25603044231728,14.265777693962722,35.735268359774224,0.17235878096198154,0.79,0.003929290920495987,0.17758852243423462,-0.34273589500805074,3.1538613750812217,1.541173313175973,-1.010901612121305,0.6040428037686809,0.18764416829109806,105.26311322287201,1.874065095352984,365557199.26162565
1-4269607-000002-000012,啊啊啊啊 哇哦哦哦哦哦妮妮好帅！！！ 托尼and罗伯特 生日快乐！！！！！！ 好燃啊 啊啊啊啊啊啊啊 RDJ0404生日快乐！！！ 妮妮！！！！！！！！！ 这里莫名的想到伴舞是4只骚虎····,2,2,1,0,0,0,0,0,0.019558376736111112,0.09661830216646193,1591.229894983226,17.224528148568954,15.99468490210737,38.102510118036754,0.18382326468894009,0.18,0.005014350172132254,2.5230882167816158,-0.3999550510712953,3.308137570730453,1.5283325219588375,1.231765899080503,0.5692145704732511,0.13774948559670785,78.32154996141975,,223463281.3205186
2-673325-000200-000210,坚持不快进！ 老友记ross的妈妈 罗密欧读条中 这个不是friend里面ross的妈妈么 恐怕很多人看了片头就弃了 我居然撑到现在,0,0,0,0,1,1,2,2,0.011818214699074072,0.016383536159992218,844.9758270211719,19.29049985950316,14.993003175870099,40.638775540804794,0.07949083741359447,0.8,0.005717290099710226,0.7569586038589478,-0.3546452750739038,2.34709496855346,1.8328722768874641,-1.0063918327437116,0.6624276729559749,0.06852987421383648,111.96025157232704,2.4666037078118146,184135860.3766805
2-1065435-000102-000112,跑的太丑 演技捉鸡啊 这跑的…… 演技。。。 车祸了？演技略浮夸 车祸果然哈哈哈 这浮夸的演技 演技真差.....,0,0,0,0,2,1,0,0,0.012270326967592593,0.0072001926600933075,1349.8313972664128,15.14745682131201,10.276923641476023,35.21065271814856,0.1606827836981567,0.98,0.29364195466041565,1.2129627466201782,-0.3639214387915167,1.3084476451760405,2.2290664030877507,-2.310503632973252,0.6852537722908092,0.0046296296296296285,74.22018175582991,4.371002748686816,10012850.552325103
2-1558545-000045-000055,暗芝居+1 阿勒 为什么3点还在公司 啊 啊 啊 啊 啊  啊啊啊啊啊啊啊啊啊啊啊 求弹幕护体 NO ZUO NO DIE 史丹利把手伸了进去 再也不用丢垃圾了,2,0,0,0,0,1,2,0,0.013057002314814816,0.12523537874221802,788.2345589391838,18.71172394404316,14.560078693598651,39.095001136998285,0.0733501944124424,0.25,0.0020346036180853844,0.09823156893253326,-0.33414423088249384,3.07251634837963,2.1361951524228604,-3.8161891619646986,0.4872019675925925,0.0581886574074074,69.5818894675926,8.388181277106577,4484457.833106175
2-1734827-000020-000030,我是小黄 我是姨妈红  弹幕发早了 ↓↓↓ 是这里 为何弹幕这么多 233 啦啦啦 主子好帅 为何弹幕这么大,1,2,1,0,0,0,0,0,0.01048900462962963,0.14226891100406647,1596.1207568019745,23.95987418863914,13.093542506802844,29.751625728555013,0.12404368879608295,0.0,0.04108057171106338,0.5452772378921509,-0.3391417384681853,3.165045173611111,1.9851188957931525,-2.928526480251736,0.4533305555555555,0.13269999999999998,91.07857291666666,15.305335557764172,58603466.48383212
2-1885599-000012-000022,龙儿 美 美啊 妈蛋好美 姑姑~这才是姑姑啊 电视剧里武打动作再没有比刘亦菲更美的了！！！！！ 美哭 龙儿我心中白月光啊啊啊 太美 美呆了 惊为天人,1,1,1,0,0,0,0,0,0.01170970775462963,0.10269883275032043,1276.6414252445902,12.596065328171074,11.481495138169223,43.49247350984393,0.18108258928571427,0.0,0.00051589886425063,0.19559964537620544,-0.3519821630596113,2.2483615277777784,1.814113845100867,-1.5387715390625,0.7496,0.058444444444444466,112.46075833333336,3.6064796502306926,66061048.73737101
2-1885599-000135-000145,美美美 真的很棒练家子又敬业 打戏干脆利落 女神女神 这种仙女一出场绝对不会平凡 这感觉是天山童姥啊… 九尾灵狐 九尾白狐即视感-0- 个人觉得最经典的打戏是绝情谷双剑合璧 ,1,1,0,0,0,0,0,0,0.010841652199074072,0.132686585187912,1274.994917826288,14.617039310171265,12.663456543252266,38.2768259351921,0.1540808611751152,0.0,0.004684357438236475,0.3420751690864563,-0.3041524182097016,2.831417361111112,1.856117968422632,-2.1452696875000004,0.454275,0.15106388888888886,103.12311944444444,3.7573362294512513,77119766.64977251
2-1984284-000017-000027,不好意思让别人看见在搓蛋 →_→打媳妇嗯哼？ 有小猪~~~ 哈哈哈哈 原曲是《息兮》？ 噗 哈哈哈哈哈哈哈哈哈哈战场隐身搓蛋的一定不是一个,0,0,2,1,1,0,0,0,0.012234157986111112,0.1289888620376587,1377.947232907414,17.376426105952838,20.05376992764048,39.50782053147019,0.13258748559907835,0.01,3.1720638560273073e-08,0.0005534621886909008,-0.47784065696063305,3.1930884722222217,1.265081144907651,6.178914190972222,0.7294076388888889,0.20897291666666665,10.911974305555557,1.0540056398077344,35120267.32891445
2-2037030-000145-000155,有钱任性 土豪专业户，哈哈 哈哈 啪！【甩钱声】 bgm什么鬼 233333333333333333333 二爷在戏里各种请客 哈哈土豪 哈哈哈哈哈 请吧请吧哈哈哈哈哈 看哲哥的时候一直担心他请客会把自己请穷了2333333 哲哥天天请客哈哈哈 土豪的情人节~~哈哈哈哈,0,0,2,0,0,0,0,0,0.012568721064814816,0.08752105385065079,1228.2700256360347,15.795942180532105,14.525061588849946,39.547360488961026,0.13180668562788014,0.16,0.004051040858030318,0.2090134620666504,-0.31919125000870463,2.8072826704545455,1.977355987819561,-2.6450644486860795,0.5094517045454545,0.12194318181818185,91.9308380681818,4.0869618449572656,79613489.88537587
2-2147587-000145-000155,为什么要让病人发病？只是为了教学？ 发生什么？ 女主是恐怖游轮女主角吧 你这样我也会激烈反抗啊 看的腰痛 色鬼 发生什么？,2,0,0,0,0,0,2,0,0.011420355902777778,0.06736147403717041,1074.3394275928038,20.16354919952028,15.252862056497607,40.35228032417992,0.10420191892281104,0.08,0.4065871834754944,3.0662007331848145,-0.4203543517091648,2.7080949074074083,1.6408581328940846,0.4288927466121713,0.8167817644032921,0.025576774691358026,65.87091628086421,3.05712216958714,27521295.64473369
2-2285643-000015-000025,依山观澜！！！！！ 山居对问水。。。 泰阿！ 只有我一个人觉得秦风叽比较帅吗 莺鸣杨柳外 帅爹一秒变挫 依山观澜我可是无数遍单曲循环的w,0,1,0,1,0,0,0,0,0.013726128472222222,0.1895880401134491,1358.9680364061735,24.225694104147028,17.817063128149204,38.7010203509334,0.16748496903801846,0.0,0.07214963436126709,0.4975628852844238,-0.2591169734129216,1.8323100694444443,2.458547800829816,-3.1468796180555563,0.2234576388888889,0.08814583333333333,61.00034305555556,4.505919017535558,39038848.56961628
2-2384563-000015-000025,求高能 真的那么恐怖吗？ 前方高能 前方高能！！ 不錯，一開始就有福利 卧槽 吓我一跳 cao吓我一跳 吓我,2,0,0,0,0,0,0,0,0.012595847800925928,0.011226322501897812,848.1742538262342,19.961496664457158,13.575473468137153,43.71431926119363,0.08120319700460829,0.95,0.014210284687578678,0.4867753386497498,-0.3940351975430176,2.086017252604167,1.7011167158846272,-1.9099475221987123,0.7896014178240741,0.060068721064814826,66.94513961226852,5.748834069091996,20856249.531691555
2-2527417-000035-000045,看着比盗墓好 正统。。。。23333 剧情还好啦，不带原著看就好 但是姚晨太美了，特效很赞 这部太扯了，看隔壁寻龙诀,2,1,0,0,0,0,0,0,0.011085792824074072,0.10378123074769974,1211.4058164579735,19.174699054074992,13.467623239268086,34.26054984135761,0.08458291330645161,0.0,0.0005496537778526545,0.26628321409225464,-0.3848226114293163,2.614447565009124,1.5962932785113153,-0.6145831471092805,0.7610192366180049,0.08242187499999999,133.21381253801704,7.4190370877025105,7540207.908581104
2-2660693-000115-000125,看牙齿不毒舌还是个美女 牙齿赞 戳萌点233333 哈哈哈哈哈哈哈哈哈哈哈,0,0,0,0,1,0,0,0,0.013129340277777778,0.03767985850572586,1149.4158154031682,18.991426446185926,15.181979729379618,39.14871810350877,0.098549557171659,0.19,2.83284425677266e-05,0.7341725826263428,-0.3668140578513211,3.9625819227430568,1.4621874192776314,-2.768846800627532,0.451431568287037,0.2378052662037037,65.42298249421297,3.432645251186902,127758459.8920542
2-2810002-000125-000135,233333333333333 23333333333333 哈哈哈哈哈哈 23333333别黑终结者呀 咦……~ hhhhhhhhhhh ,0,0,1,0,0,0,0,0,0.011980975115740741,0.10247001051902772,1385.4134152751385,20.40370450382868,16.205842864848336,36.62631125828553,0.1391196536578341,0.0,0.07858617603778839,1.2868379354476929,-0.3346276349017992,4.312587101337448,1.2321483731258196,-1.668151894290124,0.5095298353909465,0.2669567901234569,101.25648945473247,2.282582469253056,135101172.01109508
2-2941599-000131-000141,呃呃呃呃呃 呃呃呃 他的眼睛实在是太好看了...鼻子也是....这五官 啊啊啊啊啊啊啊啊有很多台词的winty！ 好漂亮,0,0,0,0,2,0,0,0,0.013111255787037037,0.1336127370595932,1207.095334137225,12.53631733524132,15.268615297405109,42.813140271579975,0.1402987291186636,0.05,0.0004450135165825486,0.31886935234069824,-0.3677768702082065,4.469098451967593,1.7737826865650934,-3.9499181538899752,0.447937644675926,0.062371238425925936,47.7035062210648,2.5159295140831563,99591877.09372036
2-3048829-000155-000205,迷妹的幻想 雕兄你知道翅膀咋掉的吗23333333333333 哈哈哈哈哈哈哈哈哈 电灯泡XDDDDDD 哈哈哈哈哈哈哈哈哈 哈哈哈哈哈哈哈哈 猎鹰强行加戏 猎鹰你的出息呢?? 强行给自己加戏 23333333333,0,1,1,0,0,0,0,0,0.012297453703703705,0.17299748957157135,1457.7739693550022,14.256533946672745,12.14985174938308,36.404220968192575,0.1639814948156682,0.14,0.6621124148368835,3.4960846900939937,-0.3810731436525596,3.624324421296296,1.5768914016430498,-1.0617193227358224,0.4019265046296297,0.2756545138888889,36.81634780092593,3.494386431944725,51142663.15640494
2-3138116-000041-000051,curtis情话 满分@@@ 二娃笑裂了 桃总笑声就是这么魔性哈哈哈哈哈哈哈哈 这是老几？敢笑Evans家大哥 哈哈哈哈哈哈哈哈哈哈 23333 听到笑声忍不住了 哈哈哈哈哈哈哈,0,0,2,1,0,0,0,0,0.013391565393518521,0.1315000206232071,1632.1427703451043,20.987037556060628,14.565601908994566,35.69718763980685,0.15276902721774194,0.03,0.005753223318606615,0.3051522374153137,-0.3197594023498588,2.7730588734567903,2.215924975770705,-2.019626322820216,0.4346925925925925,0.061564814814814815,81.40880277777778,2.556410906728584,140594852.90584868
2-3201662-000017-000027,好帅。。。。 太帅了卧槽硬币献上 想瘦就瘦 帅啊 im the king of the world 泰坦尼克号 sooooooooooooooooooobeautiful 各位，记住这一天2016229恭喜小李子男神 年轻帅，现在萌大叔 背景音乐是什么 im the king of the world 他的眼里有星星 帅哭了 泰坦！！！ 帅到窒息 不能用帅来形容 就是超美 简直是艺术品 小李子年轻时真的惊艳了我的岁月啊！！！ 好美腻QAQ 公认的好看啊 不分国际人种啊 实力撩妹 侧颜美啊啊啊 帅哭,1,2,2,0,0,0,0,0,0.013038917824074072,0.29731523990631104,1140.507136343917,24.111154851774486,17.76212908677075,37.241574189068906,0.08591274841589862,0.0,0.31252700090408325,0.9411399960517884,-0.37145738865754985,2.9794251757544585,1.7002353429368673,-0.4002749219017927,0.6693128429355282,0.12610896776406036,101.17536608367628,3.321169149176233,51388433.03889369
2-3274786-000141-000151,电音好赞 好姬友神速翻唱系列。。。 前面去安利带我一个！必推良曲QwQ！ 太萌了！！ 增加弹幕!没人不科学! 高音中毒了 喜欢 ,0,1,2,0,0,0,0,0,0.012505425347222222,0.2622683346271515,1890.5335836626489,22.300043188094183,15.143358594185516,32.2302023843581,0.2083858366935484,0.0,0.0008692428818903862,0.0800606831908226,-0.4898960175610851,3.2329243827160488,1.2493861335048162,6.846052575073366,0.06557377049180331,0.9049876037239432,2.0970109795587937,1.1454511907381684,4150165.1471595312
2-3382615-000110-000120,我多兰！美人 啊丁丁这颜我可以舔一辈子…… 哼哼 珍妮美人prprprprprpr 珍妮aaaaaaaaaaaaaaaaaaaaaaaa 封面来了诶 妈蛋这美的不像样啊 珍妮睫毛怪~ 珍妮真美爆了(?>ω<*?),1,0,0,0,0,1,0,0,0.011646412037037037,0.278925359249115,1384.4331505878272,21.89918276290453,15.928480556982928,35.32244678142544,0.1312283986175115,0.0,0.008137899450957775,0.26557064056396484,-0.2941423216358217,1.1836230208333334,2.0171436976511146,-2.2466815490451393,0.4416506944444443,0.030286805555555563,146.18888611111112,4.522593184489648,15433067.865538573
2-3545880-000129-000139,"不点逼死处女座 ""找不到对象 "" 哈哈哈 2333333 发生了什么?_? 不充钱还想泡妹子？ 23333333",0,0,1,0,1,0,0,0,0.011601200810185184,0.001695742248557508,1058.9098266532294,24.17070241307476,11.984980368262091,37.411670831172856,0.08267479118663594,0.98,3.7134773265279364e-06,0.048834674060344696,-0.3707915206000405,3.817054398148149,1.787465194744472,-1.3147874653539238,0.4805078378817414,0.13474354288499027,56.77764782326187,2.6609801677143152,90949576.0747568
2-4290449-000124-000134,2333333333333 拍摄地点在我家乡:) 小时候的那个现在应该上初中了 说的像现在资本家不搞个人崇拜一样 然而80后表示还是很多一样的童年 吓人不？说什么很难带入的，带眼光来看的是引战的吧？真找骂,0,0,0,0,1,2,0,0,0.011800130208333334,0.022098839282989502,1171.4359490722916,19.809376020132483,12.19794624084868,37.235528756929895,0.1312283986175115,0.56,0.05294716358184815,0.4074603319168091,-0.4640611100130109,2.348181749131944,1.6946154009636842,-1.2530749871148004,0.827115162037037,0.03202763310185185,67.56815610532406,5.580981829400875,1310078.4405285704
3-673325-000005-000015,这时候的罗密欧还是个苦苦单恋满身忧郁的文艺青年 小李一出现画风瞬间变了 好帅啊要是放在现在 小李子帅爆！！！！！啊啊啊啊啊啊啊啊啊啊 太美了 那时候声音好嫩啊 美！声音！ ,1,1,1,2,1,0,0,0,0.014558015046296297,0.015782346948981285,1206.3877079861718,15.228236347640385,13.399017493858285,42.76615206007666,0.15576846918202766,0.77,0.13210594654083252,0.561583936214447,-0.3077809334698588,2.8182889937106914,2.012126158378178,-3.1983221211674535,0.1937279874213836,0.3485770440251573,124.513965408805,12.636148074475114,80146601.85508509
3-1065435-000215-000225,要搞les的节奏？ 为了男主来的 不得不说这个韩国的人真丑 自带圣母光环可怜别人一个人坐么 恶心 啊！怎么闲闲还不出来，我要快进了 没贤贤果断快进 贤贤呢.............怎么还不出来 别撕了 就不能好好看剧吗 我闲呢 丑倒不会。就是整的脸和棒子属性不爽,0,0,0,0,2,0,0,0,0.010715060763888888,0.002258697059005499,1451.426911520968,14.160172520596456,10.705977597571863,33.64865965893965,0.16410975302419356,0.99,0.012269279919564724,0.11232563853263856,-0.3483315286938432,1.8947582304526756,2.2395160056976824,-2.5671116665952223,0.5525491540923639,0.007938957475994513,80.51858139003201,2.960414641181204,55633528.81106425
3-1558545-000045-000055,不能关门么 监控啊 作死 我草草草 欲望 感觉人最后陷进去了 估计爬进去了 无解啊 预感到结局了：逗比钻进去了，黑洞消失了 没有监控？？ 。。。没有高能预警自己看觉得好害怕 贪心不足 太贪了 拿一点就好了呀 感觉纸变大了,1,0,0,0,0,1,2,1,0.013219762731481479,0.1929892599582672,788.8613401710362,20.33409304059727,15.992428590443991,38.1448201379156,0.05817522321428571,0.1,0.11077920347452164,0.7755959630012512,-0.2944168000151248,2.6342973090277773,1.948227806808781,-3.2920305926287625,0.5627604166666668,0.06737268518518517,149.74172164351853,10.880211127033675,10533346.078781888
3-1734827-000002-000012,盗墓笔记感～ 这配音我醉了 小梦帅！！ 舔舔舔！！！ 凹显个性 是说了皂片对吧…… 昂 这集有掌柜的么？！！！ ,0,0,0,1,2,0,0,0,0.0126953125,0.0757235661149025,1122.7525818630943,17.71946019760394,17.60608731588413,40.4574195873556,0.1160489271313364,0.11,0.0002685854269657284,0.03664473816752434,-0.390646657205129,2.3412144097222223,2.2373131853336314,-2.499729085286458,0.5485430555555556,0.04010902777777777,52.36561388888888,5.310114859364644,8189941.826911634
3-1885739-000103-000113,2333333 到底是谁 痴汉笑的等等我 停不下来 比炫迈还强 萌翻了 真可爱 亲一口甜芋 啊啊啊天宇宝宝 这发型好乖啊啊啊啊啊 哈哈哈哈哈，好萌呀 这里好好看 马二好萌的时候 可爱的顺毛 全程嘴角在耳朵边 瘦的时候帅帅的 胖的时候有超级可爱~~ 好萌好萌啊 蹦蹦蹦~ ヾ(?｀Д??)好可爱好可爱好可爱！！！！！！！！！！,0,0,2,2,0,0,0,0,0.015154803240740741,0.2514990568161011,1343.4138307477851,20.216033917741388,16.175452250054686,39.97621221313533,0.12943953413018433,0.0,0.058655831962823875,0.5455130338668823,-0.32384929104405563,3.5878524074074085,1.5504384784545084,-2.923034717978396,0.3426910493827161,0.3868512345679011,122.86005925925923,2.473178004927389,401468675.00741076
3-1984284-000048-000058,233333333木桩不干了 好惨_(:з」∠)_藏剑表示同情 渣 舍得打媳妇！？ 家暴啦唐门打媳妇儿啦 打老婆 23333333333333333333 23333333333333333333 马上上线打你媳妇儿！,0,0,0,0,1,0,0,0,0.011601200810185184,0.10890810936689377,1456.7609624695767,15.038559496153207,18.606238210818677,36.44505621830622,0.15121417770737328,0.35,5.198411034967876e-09,0.00018695372273214161,-0.494825215115381,2.9988863194444435,1.306801748403299,7.583001042534718,0.8600722222222221,0.09570972222222224,2.095630555555556,0.5488245735977103,1717565.5715372225
3-2037030-000139-000149,哈哈哈 卧槽这bgm该死的温柔。。好搭 肥东憋死 又来吐血了QAQ 哈哈，大特写 前面团灭的站住 #长得帅死得快# 长得帅一定死的非常快hhhhhhhhh QAQ 水仙团灭23333,0,0,0,0,1,1,0,0,0.012885199652777778,0.15595175325870514,910.21673708843,24.05822936041903,12.909132821424981,37.12626980080258,0.042793238767281104,0.0,0.07990851998329163,1.1178267002105713,-0.32738867109443986,3.0254992897727275,1.8166321135966719,-3.450631161221592,0.5652869318181819,0.12361647727272727,125.1661818181818,4.308951064757943,91458717.48296234
3-2147587-000100-000110,有看！！！超好看！ 在他们眼里都是精神病吧，想法太极端了 要说有病大部分人的心里都不怎么健康 我要是被关进去只有等老死了....因为我长得丑. 每个人都有精神问题，只是都不敢去看心理医生怕被社会排斥,0,0,0,0,0,2,1,0,0.011212384259259259,0.007618947885930537,1268.983264625161,21.932477065513343,17.681264797540873,38.930468162735046,0.14704691100230416,0.99,0.09464214742183684,0.8905729055404663,-0.34760211622372944,4.302520029578189,1.3082413789514666,-1.5395875541530035,0.5286326517489713,0.18833622685185186,49.81388342335392,2.8839065289989163,13731933.50410558
3-2288797-000050-000100,高能君护体 我好方 怕死了还是点开了 弹幕护体 前方高能 啊啊啊啊弹屏好少不敢看了 马蛋一上来就这么恐怖的BGM 啊啊啊啊啊啊啊 弹幕护体！ ,0,0,0,0,0,0,1,1,0.011736834490740741,0.2691415846347809,824.1847967768083,17.566644385396245,15.085504793861569,46.43986264206283,0.10021916402649768,0.0,0.012072447687387466,1.1154704093933103,-0.3189754059176966,1.1004519675925926,2.158810610965386,0.26281297110098306,0.5043504050925925,0.17998842592592593,81.01350260416666,3.6512090119357152,6198030.747107662
3-2384563-000145-000155,恐怖么？ 小样敢摸我！！ 堵五毛　神父壞蛋 声音好小。。高能的时候声音又巨大…… 此处要留人 作死小分队上线！,0,0,0,0,0,0,2,1,0.011411313657407407,0.008581088855862617,1214.2380155523842,19.501126979812287,12.035440058355679,38.17095250158338,0.18054705501152074,0.99,0.26002970337867737,1.1065547466278076,-0.32411431059309576,1.4530345052083335,2.0944183714366846,-2.4606209554036464,0.7089257812499999,0.030034722222222227,65.25625072337964,8.212149481215558,5401209.1173135005
3-3049195-000021-000031,表白掌柜！！ 掌柜嫁我 掌柜掌柜！！ 声音巨好听！ 掌柜的美 表白表白表白！今天的处女币已投 掌柜我的耳朵怀孕了！快对我负责！！！ 掌柜我的耳朵怀孕了！快对我负责！！！ 掌柜我的耳朵怀孕了！快对我负责！！！ 掌柜我的耳朵怀孕了！快对我负责！！！掌柜我的耳朵怀孕了！快对我负责！！！ 掌柜的！！！ 大爱掌柜 掌柜我的！！！ 声音苏一脸啊,0,0,1,2,0,0,0,0,0.012324580439814816,0.09026112407445908,953.3552698124076,18.136695343449194,15.354532942363615,39.162224771833365,0.08037064372119816,0.02,0.17244935035705564,1.369014024734497,-0.25695978698273897,6.943628713348768,1.3507028100065768,-6.220102175363298,0.0,0.8888380915637858,62.070157536008224,10.141247306532833,5119385.309787833
3-3138260-000103-000113,卧槽好美！ 爱上 这里剪的好带感 美 啊啊啊啊这个人好好看 ,0,2,1,0,0,0,0,0,0.010434751157407407,0.1504235714673996,1663.776602401705,17.214372124777807,12.300892414682028,32.51652321427181,0.1996507776497696,0.0,0.017405493184924126,1.1498751640319824,-0.3848691292865448,4.791731857638889,1.2167051248325806,-4.42833791784216,0.10161168981481483,0.5311278935185186,47.57329108796295,9.28000179583323,17984701.922160987
3-3249085-000020-000030,前六百qwq 前50？ 233333333 开口苏！ 好好听 好棒 王朝大大好棒 好听 哦哦哦哦哦 男神唱这首啊 棒 我是来表白的 王朝大大！！！ 卧槽 开口跪 好听233 好听 好听哭QAQ 好听！！ 好听 棒 好好听 开口跪美哭啊啊啊啊啊啊啊啊啊 啊啊啊啊,0,0,2,2,0,0,0,0,0.011809172453703705,0.1810740977525711,1179.9670396745032,17.460396600122046,17.815552249294807,41.63275674158242,0.09598889328917053,0.0,7.196608180493058e-07,0.0014293334679678082,-0.3859646810214949,3.5115587094907417,1.3289667784013983,-3.982069855685765,0.01228993055555556,0.8640827546296296,26.95208275462962,9.580319034693655,14307878.299220573
3-3277673-000123-000133,什么关系？。。 安宰贤和徐仁国 好奇妙的cp 我一直以为他喜欢的是那女的的！ 很喜欢仁国偶吧！ 李敏镐？ 这时候还以为他喜欢这个女的 喜欢那个女的+1 曾小贤即视感 ,0,0,0,1,1,0,0,0,0.011637369791666666,0.2843799293041229,1314.6506972616614,15.163697095898929,14.053151163944086,35.40479297774244,0.14344218029953915,0.0,0.020217284560203552,1.2098252773284912,-0.35266220406409376,5.2825541800858815,0.7258888180937584,-4.986069795912592,0.1122223899624262,0.6525576187600644,37.141040157004845,3.472936948710558,75350135.00188026
3-3383278-000102-000112,2333333333333 什么鬼 攻击力怎么变了？ 0.0发生啥事 0.0发生啥事 把自己牺牲了？！ 2333333333 窥屏狗 英雄模式，抢你套牌的那个 wtf！ 我也是这么打赢boss的,0,0,0,0,1,0,0,0,0.013454861111111112,0.09205114096403122,1372.81318373098,14.915530166400385,14.200563560858267,37.08923802187263,0.14737093173963134,0.42,0.003758886130526662,0.3586399555206299,-0.2701424169302053,3.2688194733796303,2.259536622027793,-3.9698699130136,0.3525688657407407,0.08652604166666666,116.35936226851852,3.3412702424898497,100889708.76172525
3-3545880-000141-000151,我马上做 信仰之跃 我去……吓到了 2333 牛掰 卧槽？？？？ 卧槽 卧槽,1,1,0,0,0,0,0,0,0.011329933449074072,0.08878115564584732,1307.9855735188378,16.12518465888755,10.53794189468629,36.207865042532845,0.14799197148617513,0.24,2.827688455581665,3.1471462249755864,-0.38232266614034577,2.992277858999349,1.846893844288001,-0.7849169715648359,0.6069576429499676,0.06813779239766081,66.84992385477581,2.3311011252361205,84940748.88922398
3-4290449-000002-000012,70年代 小孩演技爆表，有人就是有天赋 时代的悲剧啊 瓶子不错 素描景物：瓶子 花 一块深色衬布 两块浅色衬布 ,0,0,0,0,0,2,0,0,0.01197193287037037,0.020838096737861637,1199.0318338114218,20.16848735858956,12.076576519696278,36.85904715249383,0.13717327908986174,0.58,0.0548393540084362,0.4808774590492249,-0.4632382281035816,2.434631655092592,1.6812360331046772,-1.323113045247396,0.8029239004629627,0.04489293981481481,65.68378544560187,5.264500571879081,1737382.7266820306
4-673325-000206-000216,啊啊啊啊啊啊 前方瞎眼预警。。。 好象驴 太可怕了 天惹 画风转换 迷失里面的迈克吧，就是那个黑人 ,2,1,1,0,0,0,0,0,0.012885199652777778,0.22650969028472898,1468.6469716323065,20.18323771085958,12.461392542417133,33.14705019573437,0.15083165322580644,0.0,0.2660808563232422,1.4399378299713137,-0.3806872916046614,2.192905031446541,1.6060541794426306,-1.5585764504716983,0.9227138364779874,0.0068333333333333345,156.5261179245283,3.836020291147007,11856108.560132075
4-1065435-000034-000044,哈哈哈哈 。。。我快进了 前面这部剧有闲闲肿么就不能提了？又不是没有他在这KY  没觉得敏丑 但为谁看又有深刻不对了咯 你要就别开弹幕嘛 这妹子一点不像学生 我敏好可爱啊 ,0,0,0,1,1,0,0,0,0.013590494791666666,0.012447570450603962,1300.1775482226165,13.903337043782466,11.882405577351468,38.60320934607604,0.1505638860887097,0.84,0.05152082443237305,0.5686639547348022,-0.3707895649035262,0.9318052697759491,2.501463254312256,-1.954851382101624,0.3553955189757659,0.006384316415180611,64.74298125285779,2.5225021653662822,55851474.85206447
4-1571353-000007-000012,23333333 呵呵 哈哈哈 2333333333333333333333 2333333333333333 开口跪,0,1,2,0,0,0,0,0,0.0134031375935521,0.06450486928224564,1720.8180444287384,18.16488092688403,15.932170743254984,38.06179014174429,0.20393133600917432,0.0,0.01666511408984661,1.1236844062805176,-0.3579845053189304,2.7375019364316238,2.154049623051294,-0.6190167847723032,0.5105608974358974,0.06371127136752136,82.79620726495726,2.112083544029048,129969336.4478248
4-1734827-000000-000021,2333333 不止两个人，你们都在说什么啊，我怎么什么都听不懂 23333333333333333 2333333333333 不行，让我暂停笑一会233333 哈哈哈哈哈哈哈哈哈笑哭了,0,0,1,1,1,0,0,0,0.013207384403036577,0.09312941133975984,1526.461651133126,15.852620054517713,12.318050184328222,36.775548320396105,0.17107305463576158,0.09047619047619047,0.0034816728439182047,0.4174169898033142,-0.3523990755047385,5.20300085167715,1.9401296843257347,-5.0698027113428665,0.3280516247379455,0.054225628930817636,49.46736471436059,10.178105830065887,2919244.003852736
4-1888229-000118-000128,所以一次在一千万个香蕉里面就会瞬间爆炸？ 牙齿好白 一次性拨两千万个香蕉笑尿了23333 悉尼大学 根本把持不住  哈！瞬间爆炸(??????)?? ,0,0,0,0,2,0,0,0,0.013283058449074072,0.07292782515287399,1426.0389417816305,17.39512883521773,14.921610712012539,41.19585340864054,0.1781168994815668,0.28,0.00027571347891353065,0.10503649711608888,-0.35425302772011963,4.363558472222221,1.805776348118628,-1.088746281250001,0.3998458333333332,0.1251944444444444,67.65701250000001,2.6642162737980857,105292140.41045249
4-1984312-000131-000138,这什么什么鬼 233333333333 我突然听懂了！！ 万一红了呢0 0 作为小黄鸡我的内心是崩溃的 颜表立！卧槽 这什么曲子！Σ( ° △ °|||)︴ 2333333333333333333333333333333 画风变好快…,0,1,1,0,0,0,0,0,0.014147046674927716,0.20780187845230105,1456.1971461244686,12.609203248768544,10.480803378229071,26.339438958676553,0.15422941509046054,0.3,2.730896449065767e-05,0.019245194271206856,-0.4834914856172958,2.995809220679012,1.2927021592678198,6.882391756787709,0.7624228395061728,0.0912596450617284,12.890597993827159,,28614570.12201748
4-2037030-000000-000012,放开那些妹子让我来! 听到芳儿的娇喘? 再见 啊婆主我们来谈谈吧 233333333 哈哈哈 芳儿放着我来啊！！！！！！霸道国舅爷爱上我 这段真虐…… UP主你可以跳过这一段啊 这段对我来说…… 有本事放开那妹子冲我来！！！  是大虐啊…… 出来谈谈吧！ 不能忍 手动再见 放开那个男孩 放开妹子让我来！！！ 放开女主！让我来！！！,0,1,0,0,0,0,0,0,0.011907989877078815,0.03712431713938713,1310.8470334016824,15.468884394623627,13.880915109691738,43.908963232426814,0.15598707932692307,0.21666666666666667,0.04295677319169045,1.794701337814331,-0.3304288727201078,3.0310814393939407,1.805311162877951,-3.4920201682350838,0.3741832386363637,0.27944128787878786,81.0085984848485,3.5012390887237617,120994853.1202417
4-2147587-000115-000125,欢迎收看《逃生》直播 肯定和静寂岭的拍摄场景是一个地方 welcome to beijing 一颗无花果 逃生即视感!!!!!! 阿甘疯人院 没病住久了也要病。。。 寂静岭 我们一起去爬歌乐山吧,1,0,0,0,0,1,2,1,0.011275679976851851,0.02537122555077076,481.47266852027815,22.049647787376717,13.425866915381064,46.48215100810764,0.042496219758064516,0.49,0.04057929664850235,0.5579837560653687,-0.34216559365921945,4.399980822402263,1.758349682487958,-1.712287371298708,0.4257568158436214,0.2275736239711934,90.51639435442387,3.4833222556330115,31853696.47934919
4-2384563-000023-000033,声音开最大了也很小啊 这音量小的，没字幕根本看不了 聊起来聊起来，关灯看好怕怕 前方声音小高能~~~~~~！前方声音小高能~~~~~~！ 声音好小 让我拿冰淇淋来边看边吃 明明很小的声音 妈的，光顾着看弹幕去了，忘了看路 ,1,0,0,0,0,0,1,1,0.011917679398148149,0.013812188059091568,1464.3321594396045,20.04478773188923,12.410175082356202,35.9189724744314,0.16932108654953915,0.83,0.033000361174345016,2.3221421241760254,-0.34187323701600897,3.336867947048612,1.9727691203991882,-3.2267054635507093,0.5588295717592592,0.08212094907407406,57.163543113425945,6.276273266586147,15598629.681681322
4-2527484-000050-000100,电五双梦炮萝 电八战无花萝 电五唯满侠毒萝!! 此生无悔做喵奴 走过三生路 终老恶人谷 唯我自在逍遥！！喵喵喵喵喵(?>ω<*?) 电五毒萝在这里 前面那个双梦二小姐你别走 我也是双梦二小姐 电五姨妈毒哥_(:зゝ∠)_  电八梦回大唐喵哥 电八梦舞同娇别跑 ↑上面那个唯满侠的等等我！ 电五秀秀飞过 唯满侠咩萝毒萝在此！ 念破军娘策马撸过( ????? ),2,2,0,0,0,0,0,0,0.011076750578703705,0.1387457251548767,866.7006121702498,18.58722887482191,12.806742456915831,38.1303947393603,0.058100968461981574,0.0,0.1761307567358017,0.8516026735305786,-0.3702910258207258,3.3227357986111103,1.4885251097303267,-0.4339054331597228,0.6555187499999999,0.1203423611111111,93.04330555555559,4.1815713481729615,53020326.02945773
4-2814099-000035-000045,哈哈哈哈哈哈哈哈 哈哈哈哈哈 23333333 哈哈哈哈哈哈哈】 救命啊哈哈哈哈哈哈哈哈哈哈 太逗了 这个节目真的做的很好阿 23333333333333 哈哈哈哈哈哈哈哈哈哈哈 233333333333 233333333333333 抓着屁股！醉了 233333333333333333333 好嗨的感觉 2333333333333333333333 滴滴打框 233333333333333,0,1,2,0,0,0,0,0,0.012225115740740741,0.07979041337966919,1519.7944158430016,16.134437204030473,13.729152016682873,35.8750116807221,0.17773212485599074,0.02,0.4164440035820007,3.2112221717834477,-0.35718229587002553,4.198090097736626,1.6297693327431055,-4.241101012409978,0.3863045267489712,0.2553317901234568,44.265980195473254,3.642660741213744,100360226.70475394
4-2944862-000023-000033,而今来去相逢无故人 而今来去相逢无故人 另外35个情敌，拔剑吧！！！ 表白五哥 唱的太美，想哭了。 清彦的词好棒 趁人少表白五哥。 喜欢 字幕君辛苦了 我五哥太美了 刘明！！五哥美美的！！！ 表白五哥 昔日将残剑封作尘,0,0,1,1,0,0,0,0,0.014304832175925928,0.192885160446167,1170.5686910059894,16.650782199590456,19.671031125640127,40.47843818068069,0.10043742799539172,0.0,1.5288814836367235e-07,0.001970643643289805,-0.4068234066664733,4.144928993055555,1.529102460717508,1.0077904828559028,0.14955069444444447,0.5256972222222221,37.614674305555546,2.2550307553853526,170640362.51521578
4-3049195-000031-000041,好听 掌柜棒棒哒 真爱粉表示掌柜的这逼装得我想打他…… 好棒 掌柜帅炸 掌柜帅炸 掌柜帅炸 掌柜帅炸 掌柜帅炸 掌柜帅炸 掌柜帅炸 掌柜帅炸 掌柜帅炸 太好听、 掌柜好帅啊 我的天 晕倒_(:3」∠)_  掌柜人美声赞！！！酷爱嫁我~\(≧▽≦)/~~\(≧▽≦)/~  好帅⊙▽⊙ 掌柜，我出不去了，你要负责 好萌好萌 太帅了！ 掌柜好帅好帅 小眼神简直有电！ 掌柜好帅 帅炸 好听！！！副歌超级棒！！！！爱掌柜●ｖ● prprprprpr 眼神太棒!! 帅哭我 ,1,1,2,1,0,0,0,0,0.011420355902777778,0.2192422598600388,1324.2973785332738,20.505781477991587,15.949561063968565,37.75440384229067,0.13509639616935484,0.0,0.008533013053238392,0.8851161003112793,-0.26372061051604184,3.7868972157921816,1.4804153682897836,-4.312442530703446,0.14264821244855966,0.4886445473251029,72.8727125128601,4.037349794901668,64691908.81165531
4-3138534-000100-000115,"勇者斗恶龙 233333333狼想抖毛但是毛太短没抖起来22333333 我以为是翅膀 卧槽这头狼好帅 那是毛还是羽毛啊……… 狼太帅系列 看腿 这狼也太帅了吧 跑起 ""为什么追我？""  这狼好帅呀 【红裙小蓝毛】和【蓝毛狼】使用【波纹疾走】 毛没抖起来的别走。。笑死我 ",2,0,0,0,0,0,1,0,0.011543933256172841,0.03533840924501419,989.1211859011812,16.594437253454267,15.136766705130169,39.052131933540586,0.08952524038461539,0.48,0.4712349772453308,1.9107266664505005,-0.3255869561788717,2.133182233796296,1.8902630597134484,-2.5795517134452166,0.7559753086419755,0.028314814814814813,160.24802199074077,4.92644742768254,56926972.39829139
4-3249085-000117-000128,如果天黑之前来得及 好温柔啊温柔≧◇≦(=θωθ=)(*^0^*)（●＾o＾●） 趁弹幕少承包一发 这里最喜欢 好特别好好听quq 朝大我承包了0w0 我要挖掉你的眼睛 233  攻我一脸 南方好冷 我要忘了你的眼睛 挖掉你的眼睛-(￢?￢)σ 穷极一生 做不完一场梦 好温柔好温柔,0,0,2,2,0,0,0,0,0.013059824008405569,0.2308727651834488,1263.0646717165225,20.438159612300886,17.048198676405974,39.520870109113375,0.10633862920168068,0.0,6.854320417915005e-07,0.0017372833099216225,-0.3859881618951929,3.5227281933922576,1.3279419341072891,-3.9879647894965284,0.018932028619528626,0.8365372474747478,26.971395202020197,9.538972384276509,14772160.300503725
4-3281820-000206-000216,姿势满分。 都不直→_→ 卧槽实力撩妹啊！ 我去！！！！！！天啊！我投降，血槽已空 姿势太棒 哦哦哦哦哦哦哦！！ 我的天啊啊啊啊啊鼻血鼻血 姿势好评 卧槽卧槽！！！！！这能把持的住？？？？ 这部门长期只有一个御姐上班 把持不住 ，弯了 哈哈哈哈哈 神BGM啊 我的少女心！！,0,1,1,1,0,0,0,0,0.013129340277777778,0.04635539278388024,1292.1957700734713,16.519025154374017,12.684239031878665,36.63781976944816,0.13377331149193547,0.3,0.0051134731620550156,0.2666570246219635,-0.29060135999397435,4.370746030454283,1.871449566610544,-4.61805145235415,0.3591588903356481,0.15890661168981482,82.99235387731483,6.298550786818128,23160713.70630638
46-2561986-000041-000051,好好玩的样子 你们真会玩 这是极限轮滑，跑酷什么鬼...,0,1,0,2,0,0,0,0,0.011447482638888888,0.25327736139297485,1587.8942401410377,16.424139429130687,12.075850054826331,30.59333958200433,0.1795547415034562,0.0,2.827331066131592,3.269150972366333,-0.3354908004411455,3.1715349151234555,1.635553165412568,-0.921090208353428,0.6027308384773661,0.11547710905349792,94.99461612654322,5.3237119984242485,77647396.24021105
46-2398015-000232-000246,前方福利出没注意！！ k我有点兴奋了 OMG！！！！this cant be happening!!!!!!! 啊啊啊啊啊，这自然而然的……  yoooooooooooooooooooooo,2,1,1,0,0,0,0,0,0.012569832402234636,0.017332835122942924,1149.3654905280707,17.892251143470034,16.674525673033994,38.414106011975534,0.09903246183993401,0.7571428571428571,0.006896696984767914,0.4072531759738922,-0.3125335230930112,2.325109284222948,1.7456808511443846,-2.6298663911441307,0.8018146332607118,0.015048111837327524,202.05131013979667,9.071581280640645,20907726.77089533
46-2398015-000158-000209,我最爱的一幕！！ 不太好了……我yooooooo了起来 我写字全都挨线那是因为我有动漫哈哈哈 卧槽,2,2,0,0,0,0,0,0,0.01159869976359338,0.0206830445677042,1498.0395189300425,16.798588315368324,17.424747880374948,36.696106274609186,0.1607471113445378,0.6909090909090909,0.1987782120704651,1.1413280963897705,-0.3448839578645162,2.728340877914952,1.6553640288098703,-1.708147249996428,0.7463505944215819,0.061663808870598975,155.31061185413813,4.072349136366246,107668040.27562664
46-2154596-000000-000012,雾草我想说我穿高跟鞋都走不远更不要说跑 我擦 好身手 卧槽 666 卧槽女主练过的,2,0,0,0,0,0,0,0,0.011531393106772715,0.0671313926577568,789.2350621447415,18.43822430283221,12.012656120949247,38.758784964280906,0.05796461838942307,0.0,3.4776854515075684,5.96578311920166,-0.3061198598035392,4.517376688041447,1.0721737774132252,-4.68933275163142,0.11370392390011892,0.63441091954023,32.263627484287426,7.292009198307066,16425956.653290305
46-2049846-000016-000026,看来在军校 很幸福XD 我去，这么帅了。。 说好的瘦瘦瘦呢！！！！还没变帅！！！！！2333333333333333333333333333,1,1,2,0,0,0,0,0,0.011528862847222222,0.03871176019310951,1181.317823326697,18.251295008362693,13.282356406639176,36.33283303983243,0.11788954493087556,0.06,0.12615449726581573,1.0726149082183838,-0.3912485197239514,2.2781152230721933,1.6681202065550698,-0.038771925325747664,0.8523570873119213,0.020468252676504626,105.78987178096064,2.659636700624799,41119912.220143855
46-1990581-000000-000005,爸爸！ 外星生物！！！！！！！ 这不是幼生期吧。。,2,1,0,0,0,0,0,0,0.010488629821531377,0.1792197972536087,1641.501876013374,17.55154681345981,12.28418552138535,31.38043353174484,0.1619660263761468,0.02,0.05732909962534905,0.773978590965271,-0.4311371120300235,1.6013613153594768,2.0058833522034973,-1.9576198515050556,0.7628114787581698,0.010092422385620916,47.9542866625817,5.958818242984549,1637837.6516494043
46-1917741-000038-000048,好吓人 啊啊啊啊,0,0,0,0,0,0,0,2,0.012107566550925928,0.010972976684570312,555.4627405800835,17.097466902321592,14.713619323892246,46.84112258398078,0.0508352534562212,0.99,9.286497515859082e-05,0.011101541109383106,-0.4746011247571692,2.7922722077546296,1.3398581683000303,2.135846691668475,0.9855888310185188,0.001594328703703704,120.87135489004629,3.5231773649931264,237093.90248101795
46-1767138-000002-000017,人类末日差不多就是这样了吧没资源没生命连 吓死爹了 V叔的声音，好怀念啊,0,0,0,1,0,1,0,1,0.012424045138888888,0.005487048998475075,905.3617421201677,18.063914868517575,15.637135265072056,41.54423707451467,0.08552283653846154,0.9866666666666668,0.0458979494869709,0.2622778415679932,-0.4162428356534383,1.2608307638286071,2.0553253954719035,0.05525165393028663,0.5309131763599537,0.031080457899305563,45.71150716145834,9.756163135258463,387580.6891020696
46-1575487-000107-000117,闪瞎 咕噜的翻唱！！！ WTF?? 也是我本命啊啊啊啊啊！！！！邻居组噢噢噢噢阿婆主好顶赞！！！,2,2,0,0,0,0,0,0,0.01122142650462963,0.32986971735954285,2032.2558998397594,19.77693483537133,12.347863336371221,31.625758992969622,0.2905970982142857,0.0,0.3485368490219116,1.6935749053955078,-0.3923020947140861,3.0568696180555555,1.6012786385545081,-0.14432847113715372,0.649359027777778,0.1566027777777778,84.75929583333334,,65696079.52853809
46-1243905-000055-000105,看我信仰之跃！！！ CV赞！几句话就跳了？卧槽公主你不用那么着急，走点心啊公主！,0,1,0,0,0,0,0,2,0.011393229166666666,0.0797521099448204,1034.8777492102454,18.91498999856354,12.108154559599855,37.31541890227444,0.09095082085253456,0.0,0.0001975560880964622,0.08483289182186128,-0.34583213762668435,4.782311215277779,1.1290659356049833,-4.768131444878471,0.10813541666666668,0.6440881944444443,62.50036319444445,43.18778609157095,3242577.721692924
46-726546-000219-000235,233333333333333333 发现屁？！ 卧槽！ 高能！,2,2,0,0,0,0,0,0,0.011519408251900108,0.12212447822093965,1205.5083997299796,18.75213851699917,11.790640378489401,36.655246422802726,0.11454005599710985,0.0375,0.27635157108306885,1.3731223344802856,-0.4341748954341285,2.1774454051856105,1.7440162113760451,-1.7222120317881746,0.8058248421354764,0.038715078453884416,88.8360248038653,4.096093262346281,4385038.186048894
46-726546-000007-000018,233333333333333 官方吐槽 hhhhhhhhhh 神经病 ,0,2,0,2,0,0,0,0,0.011229314420803785,0.1008506566286087,1370.3532859556585,17.369030357554607,11.955056311426885,36.571310927006344,0.16480928308823528,0.027272727272727268,0.08033181726932526,1.8505736589431765,-0.4421901859526816,1.816829567440575,1.7948250165705617,-1.8031210691874833,0.8692293739635159,0.004333367882808182,63.150270349640685,4.1184812410558935,2504462.7287874967
46-330504-000033-000046,卧槽.... 这位扬琴大师好像是龚琳娜老师团队的那位啊？！ 壮哉我大天朝！！！ 音质屌爆了 壮哉我大民乐啊,2,2,0,0,0,0,0,0,0.014626475172567356,0.23316000401973724,817.6955168655578,18.634424021566225,13.68225224570586,44.11004630825069,0.07951686221085409,0.0,0.0003104884235654026,0.09771765768527983,-0.3299025759678923,2.822663602941177,2.088215100954316,-3.447300578278187,0.44080882352941175,0.05832720588235294,83.00154411764704,3.319049861214228,53170898.82738109
45-4884208-000145-000153,女主美！！！ 可爱,0,1,1,0,0,0,0,0,0.011183261183261184,0.005736855324357748,872.2511064216395,14.36165769619563,11.683554442133147,44.734055430690134,0.10476719647988507,0.9875,0.04031834751367569,0.5665779113769531,-0.3952944036937375,2.7028958767361098,1.5825176011712905,1.6829625811089404,0.8227873263888891,0.036486111111111115,117.34857204861113,4.878565862244199,18379501.79264903
45-4710330-000111-000121,我耳朵已瞎!!!!!!!!!!!!!!!  高低肩，歪脖子。强迫症看着难受,1,0,0,0,0,1,0,0,0.011574074074074072,0.004073904827237129,940.4568274904649,20.64785739319009,13.041354842638777,39.362517508051326,0.08550547235023041,0.99,0.38947656750679016,0.9856629967689514,-0.3010331992239419,3.6733769665683393,2.490755994971705,-4.213850498982573,0.10835245274773296,0.11848710805200485,83.91626789030919,5.694418173091643,18507761.34569549
45-3400244-000000-000016,2333333333333333 女王什么鬼啦 哈哈哈，真.熊孩子 hhhhhhhhh&hhhhhhhhh O(∩_∩)O哈哈哈~,1,2,0,0,0,0,0,0,0.013985025334781034,0.062444720417261124,1156.3539248494315,20.47279506160691,18.73682381559366,40.312859830429566,0.1253330473265896,0.35625,0.0036950260400772095,0.19943857192993164,-0.3339635481582077,5.342603845164608,1.323634246723692,-4.802992654180331,0.19560297710905344,0.22493377057613173,39.529925572273655,2.6079452902913727,91879737.28655984
45-3303618-000027-000040,前面说Glee好多的你别走23333确实多不过这里没有cc吗竟然 当年他出柜真是万万没想到！！！前面刷Ian的带我一个！！！！,2,1,0,0,0,0,0,0,0.012274549098196393,0.09629076719284058,1516.016112702943,19.160059766033612,15.019764121067247,38.998757665684046,0.2169237238656584,0.0,2.0281100273132324,3.4865121841430664,-0.3566114908564831,5.054881655092593,1.403077321515961,-3.6087122981113215,0.2023889941077441,0.3046075336700337,65.8685053661616,2.8587990853155927,203123971.08095703
45-3176092-000042-000058,好尴尬！！！ 2333333 aaaaaaaaa 莫名想笑 妈妈突然冲出来我突然就笑了,1,2,2,0,0,0,0,0,0.012101882012305464,0.009872592985630035,859.1160895895357,19.03334079044629,17.980540524455424,44.55723193757394,0.08698180093930635,0.89375,0.0036262911744415756,0.3218031525611877,-0.3611859377416375,1.9213953125000005,1.8384343802729848,0.10411496432834123,0.7387322048611111,0.03218055555555556,94.23416319444445,2.7720676897605228,35488256.84108709
45-2992390-000028-000037,百合大法好~ 超爱的一部 ,0,2,0,0,0,0,0,0,0.011119139370584456,0.12545819580554962,860.7618163693288,20.48378582482658,17.337859988668498,44.6210791319596,0.08104717548076923,0.0,0.01071420684456825,0.38804543018341053,-0.30586760704602595,2.8488294163223142,2.2424255953413685,-3.5688261406007884,0.4743543388429753,0.20119447314049585,126.79423747417357,3.148450976094442,57440761.86963613
45-2879712-000227-000252,路人吓一跳 前面孔连顺等我(●°u°●)??」久别重逢,0,1,2,0,0,0,0,0,0.011434074846483606,0.06924903392791748,1537.2547052388024,16.353573090824447,12.150462070132525,36.56154794837778,0.1917724609375,0.008,0.002636371646076441,0.2296387553215027,-0.4068149204972588,2.67046932808211,1.6079000577780738,-0.7778769546012856,0.8185722242113221,0.02859728686796355,112.42902991606,3.1784535437725117,36079902.01218389
45-2754180-000044-000101,这里简直看哭QAQ 卧槽莫名戳泪点 ,0,0,0,2,0,0,0,0,0.01506582310838446,0.028779583051800724,838.0547711038329,18.556389520177078,17.769899191379405,51.51140659550012,0.10962113632493188,0.4411764705882353,0.00039899293915368617,0.2069549262523651,-0.3816784405150248,2.1132309790410573,1.7858952740314484,-1.4664936394182466,0.8714961958082111,0.03121698248636233,96.50889857881135,2.9064530577127528,75607136.8089713
45-2398015-000051-000113,整部音乐声效都很棒 呆萌吼吼看 帅帅帅,0,1,2,0,0,0,0,0,0.012309110057925223,0.05285012349486351,1141.06394957034,17.2357887015615,15.203772245969713,46.638747120010365,0.13360094572368422,0.15454545454545454,0.08819305151700974,0.40259665250778204,-0.3230962876916179,2.5434341078499885,1.9046894497674067,-2.9490219012964425,0.627400856044724,0.054621331236897296,108.07226953761936,3.939007793838706,92500907.13867544
45-2398015-000007-000022,喜欢他的眼袋 为毛觉得BGM好好听 意外的好听,0,0,2,0,0,0,0,0,0.01285204475308642,0.0408686064183712,1090.2105998020234,17.619174550000373,19.255434687168478,45.174605940871494,0.10833383413461538,0.2,0.025813264772295952,0.3377254605293274,-0.4327852384927956,2.8827848293895744,1.506151568023169,2.7539543796617787,0.8152794924554184,0.037167352537722916,107.17578146433468,2.386953551638848,139650056.75035897
45-2289400-000140-000148,开心家族哎！ ,0,1,0,0,0,0,0,0,0.01094651875901876,0.2587864696979523,1458.8540264148908,18.573438927464156,12.835097777570569,33.639712475750706,0.15984756645114942,0.0,0.14670827984809875,0.9898711442947388,-0.42003425843010295,2.289933919270833,1.6628700075416092,-1.3225672071668841,0.8846969039351853,0.013249421296296296,93.37456597222223,2.9891747456555535,19673850.327094648
45-2154596-000113-000140,吓我一跳 吓死我了 好身手 不会烫手吗???,2,1,0,0,0,0,0,0,0.011587493290391842,0.0509723424911499,1257.0426161589382,17.189441425334326,11.728654833608894,36.87868582651087,0.16635733812178388,0.18888888888888888,1.2340381145477295,5.178374290466309,-0.367133603694126,4.166414606227106,1.5311642544071742,-4.165280160868226,0.2989806744979159,0.32915924592648743,37.03659719590754,4.453224329958171,62061411.74218682
45-2154596-000000-000025,好可怕好可怕 好紧张 前方高能,2,0,0,0,0,0,0,0,0.011093731896651604,0.046131540089845664,735.877512439515,21.705717921497325,13.066659585676728,38.95304712257596,0.051750578703703705,0.06,0.0016564397374168036,1.0245442390441897,-0.3630398542112293,2.2237420378352493,1.829514839677571,-3.2076376027876132,0.8249456075533665,0.01393165024630542,117.0980856595512,17.812963399415242,1052627.0801697795
45-2049846-000105-000125,要哭了 哽咽 泪目,0,0,0,0,0,2,0,0,0.012394973200057946,0.023461146280169487,1289.904924935882,17.42695256903209,15.621293739710364,36.627655745896725,0.10765697337962964,0.545,0.012532335706055164,0.3777082562446594,-0.3492864612171795,2.109992980957031,1.819125235213524,-0.4428605696007065,0.7677827058015043,0.016241568106192133,130.8348123055917,3.1807380166238084,69071127.25043102
45-1990581-000241-000253,23333333 哇哇哇好霸气的龙龙龙 好大啊,2,1,0,0,0,0,0,0,0.010122921185827909,0.21007464826107025,1241.7587721474777,19.014364471157485,11.29072852470953,33.14284148120346,0.10841533954326923,0.0,0.018384534865617752,1.109094500541687,-0.4018232621131459,1.9509307386747805,2.0285071605624934,-2.591527438831136,0.7783457995267075,0.016781820486815417,62.87218876774848,7.972475633213131,5802625.474079924
45-1990581-000056-000115,惊了 精了 才这点坑???,2,1,0,0,0,0,0,0,0.011393080323121477,0.19929806888103485,968.1351433973136,22.301414809967333,13.426690491656904,32.89223927067989,0.0610767373783455,0.0,0.09720133244991302,1.5183961391448977,-0.3563000170275718,1.30467880834399,1.9726684795935452,-2.6712995782382247,0.7030803761722082,0.012903612531969316,112.59638280583971,40.80861600200551,32084.858646446566
45-1990581-000009-000025,这眼。。。 ,0,0,0,0,0,1,0,0,0.010767281939920376,0.13056877255439758,859.5687685358922,23.582163919551725,11.927731593594244,35.35528339117125,0.03701058977601157,0.0,0.022668085992336277,0.5426427721977234,-0.29821041134971193,1.3753234979889393,2.284077039243534,-2.848402511665725,0.5038634364002011,0.019600773001508292,120.88781422825541,40.26230891514396,311347.0064121198
45-1767138-000016-000028,这是核冬天吧(?￣△￣)?怎么会有丧尸233 怕怕 ,0,1,0,0,0,0,0,1,0.010183176669076886,0.013546411879360676,1122.5663861037378,16.516222662582837,12.165630245147502,30.668460716014472,0.07288348858173077,0.7833333333333333,0.005610283464193344,0.18615682423114774,-0.4713098490857279,2.508028484943726,1.442832845802452,1.6621665764585758,0.814883411159004,0.005393543462643678,44.67136239822797,,162048.1464544342
45-1575487-000205-000220,本尼本命啊啊啊啊啊 啊啊啊啊啊啊虐！！up主你快递到了 woc，阿婆主真爱,2,1,0,0,0,0,0,0,0.01428071952160494,0.23196899890899655,1478.411120713495,20.756397035317114,16.67988517739805,34.97376540929772,0.16278846153846155,0.05333333333333334,0.040307197719812386,1.3289422988891602,-0.4097339379855188,2.429418654057017,1.6918775814323144,0.0995185752467097,0.8137970577485379,0.029014985380116962,101.48771061769008,2.7365176379940963,34386211.94071152
45-1575487-000117-000132,太甜 太甜了，给up主表白 神夏哇咔咔,1,2,0,0,0,0,0,0,0.01232759452160494,0.2732104957103729,1780.3885507465216,22.770757661071173,14.553722735357182,34.14403970929029,0.2103290264423077,0.0,0.15340593457221985,1.2594388723373413,-0.3876863999306317,2.3803416712353798,1.656389198107333,-2.7930889217265182,0.8630688048245613,0.01968704312865497,155.83060352704675,3.395567252802681,32143942.762232065
45-1243905-000003-000013,这部最虐！我姊颜女神最美！宋凝我姊颜女神 看了好几遍还是想看嘤嘤嘤 贰婶男神啊！！！ 好像还不错的样子,2,1,1,0,0,0,0,0,0.013373480902777778,0.15095295011997226,1312.1268716067912,13.40835964253625,18.779534945010568,44.98195693677188,0.13654998919930875,0.0,0.00021667266264557838,0.05131373554468155,-0.30899720242511697,3.77658763888889,1.575459027512918,-3.9450674325086816,0.3111361111111112,0.3232791666666667,72.53651874999997,3.01864756615862,204841213.4532853
44-4884208-000010-000025,我害怕怎么办 怕怕 求弹幕护体,0,0,0,0,0,0,2,0,0.010386525848765432,0.016681544482707974,730.3751895773233,16.19655662757938,11.802819750647373,35.86285864696337,0.06280799278846154,0.7133333333333334,0.004259256646037103,0.2586274743080139,-0.4748768874287474,2.784302975501542,1.3409897231960963,4.637307863890093,0.9707884837962965,0.0054639274691358035,78.04876977237652,2.4410048855315707,401587.4637608392
44-4710330-000026-000035,恐怖片？啊啊啊啊啊啊啊啊啊,0,0,0,0,0,0,0,1,0.011540622992935132,0.03667796775698662,457.6714369676762,22.506987988139826,12.917089668936091,51.170909323426955,0.0457832532051282,0.06666666666666668,2.4368864615098573e-06,0.0022635722998529677,-0.3949959010050443,2.9832915437561462,1.603558761700306,-0.3654654230356671,0.7285718542355709,0.14638717559071535,243.50422961175167,16.388140993894435,3063615.8726939424
44-3303618-000057-000108,喜欢MIKE 卧槽帅 可爱 哇啊啊啊啊啊啊啊啊啊啊，手机已进水,0,2,2,0,0,0,0,0,0.01626116364591542,0.17937040328979492,929.9079012295772,21.044348269904226,15.160965725601224,35.34036293537812,0.05917845653886555,0.0,1.4298840761184692,3.0490922927856445,-0.3903791075218621,5.5532917286706365,0.9152301441341614,-3.2033550808376736,0.14730902777777774,0.5098902529761905,45.25862661210318,2.7227934852128426,124202835.4002848
44-2879712-000218-000244,............什么gui 被震惊到了的 o(︶︿︶)o 唉 这一幕好可怜,1,0,0,0,0,0,2,0,0.013899336899587651,0.13088276982307434,1168.0774775989953,19.78725205531776,19.26026376217217,44.90883411977824,0.11886210450089127,0.0,0.0005631608655676246,0.2531756162643433,-0.3330909032524966,2.9980914786967428,2.286732823520333,-0.989567139603818,0.4584268363215732,0.2135560053981107,107.95886736070942,5.719768869528536,20705579.69207491
44-2879712-000106-000120,小受某些角度还挺帅的 这也能干起来-_-||,0,0,1,0,0,0,0,1,0.011263707841920132,0.12200507521629332,1398.1128646358152,13.817333446514304,12.880876166059895,36.42468970656151,0.15637730765264027,0.0,0.00948701612651348,1.46309494972229,-0.40264643200519296,2.062881578947368,1.8139270688538007,0.5337896090673104,0.8099301825993556,0.022674543501611164,47.951215538847116,3.599679604334724,13519771.86203954
44-2754180-000024-000040,迷之感动 我艹艹艹艹艹。硬币给你up主，给给给给给 233333333333,2,1,0,0,0,0,0,0,0.012294154904089758,0.04529571160674095,1501.5416793143174,20.485530145152932,15.158541866461466,40.27510276176029,0.19411578757225434,0.25,0.006730479653924704,0.9156614542007446,-0.420916852785052,1.9550415219907409,1.869505686318828,0.041329040979455375,0.8344212962962961,0.019289737654320984,49.64880034722222,2.4214305678284047,52395632.69424053
44-2558060-000113-000120,燃爆！！！ 列宁吊炸了 列宁爆炸hhhh,2,0,0,0,0,0,0,0,0.012055968608013218,0.12626273930072784,1640.6024290151574,21.334047273848523,11.69681926416132,35.43821980644633,0.21235415810032893,0.0,0.08030392974615097,0.5762739181518555,-0.28861783883047964,4.566209967320262,1.7401002442275877,-4.727842020590789,0.24468852124183005,0.4644566993464053,170.27252042483659,2.251362251107154,235604389.59098062
44-2558060-000012-000026,哈哈 我觉得这期屌炸了！！！ 2333333333333333,1,2,0,0,0,0,0,0,0.013597920546244568,0.0985482707619667,1412.4607134250546,21.931458021373682,14.267596901969762,33.11856744874454,0.11815439356435645,0.0,0.3338850140571594,1.789290189743042,-0.2891686130103662,4.012321614583334,1.6814132797148162,-4.33126438881868,0.3980203227124183,0.1888041258169935,105.20469209558823,2.780882512804744,146003319.84920165
44-2289400-000013-000041,好心疼警察大叔 反派好厉害 雾草,1,0,0,0,0,0,0,2,0.011112405508957231,0.19003798067569733,1896.7760845938155,16.015316354789928,11.052883477998114,30.30865800997297,0.2532999405008278,0.0,0.003154326695948839,1.1137173175811768,-0.36892072030338696,1.910265656001984,1.8581848435615904,-0.1369667256350247,0.6696201223544974,0.09204179067460316,81.50613901289684,2.7412283466619485,18570884.70847239
44-2154596-000214-000230,我觉得好怕啊 大半夜吓得我虎躯一震 吓我一跳,0,0,0,0,0,0,0,2,0.010919969236337314,0.09679613262414932,789.2237703597392,20.071526271760952,12.118259911347144,39.11910675393582,0.055968885476878616,0.0375,0.15958921611309052,2.650432825088501,-0.4234076700865238,2.2641131162898414,1.5658092825086878,-2.5223447830157157,0.907970453875626,0.01411677403056713,119.48909756431307,7.668376998239572,4100354.9505713363
44-2154596-000139-000158,我了个擦 吓老子一跳 这么快都挂完了。。。,0,0,0,0,0,1,0,2,0.012650510592897424,0.044542986899614334,1391.1287069298874,16.94534122974335,11.935149569582574,39.9577415882275,0.18686677881691,0.2789473684210526,0.1659761369228363,4.396197319030762,-0.39487733116416496,2.2981445437995296,1.7152880283274796,-0.6949072668604315,0.8018838794888268,0.03940440494038694,65.82422516420361,2.879879744422837,51948934.68532004
44-2154596-000052-000110,怎么回事？ 老娘枪都没有你说我射什么？,0,0,0,0,0,0,0,2,0.013034651873291524,0.031082453206181526,1227.876829186445,18.29670329200338,12.839479884204287,43.36770183476782,0.14753750602506427,0.37222222222222223,0.10992225259542464,2.6708834171295166,-0.3722883109951212,2.156289651440513,1.9649305974034017,-2.34075533916851,0.7613020600089565,0.014740306389013285,73.20168215405283,4.587861738201262,25526004.005518045
44-2154596-000000-000020,卧槽  好痛 hhhhhhhh瞬间爆炸让我想起了小智 我了个擦。。。看着疼,2,0,0,0,0,0,0,1,0.01210524409676952,0.029462862759828568,1180.4332207599969,14.98847731029118,12.487694946863346,36.53521466761376,0.13465937861689814,0.255,0.3052835166454315,3.620790958404541,-0.39826550237488817,1.8972694628318283,1.8155520782889107,-0.20398903725743636,0.7909014521756977,0.03161881670771758,61.86590701115218,2.3808017057263253,24477530.20926693
44-2049846-000048-000105,不知道这么虐点开了。。哭成狗了 泪目 抿嘴忍住哭的一瞬间表情好好看QAQ心疼,0,0,0,0,0,0,2,0,0.012632072256305384,0.006966630928218365,1187.555605740293,16.966599061895025,13.529426298308152,38.92890700784113,0.10328944567438693,0.9411764705882352,0.012779315002262592,0.2539765536785126,-0.34313036497421817,1.7336419164972905,2.136519987373502,-0.26555291834885586,0.3797207137110434,0.09717458502710026,72.13835627858232,3.773862371759717,35530574.53583651
44-1915618-000042-000108,爸爸什么都没有了 好美 爸爸太棒了,0,0,1,0,0,2,0,0,0.015236682269029309,0.04255130887031555,1051.5851189768878,16.476705307914482,21.310583443722447,45.356096320850604,0.104245000557041,0.08076923076923077,0.15850834548473358,0.5579817295074463,-0.3082594148984814,2.542988808760683,2.3897884313952806,-3.108331139573317,0.3659019764957265,0.1245868055555556,82.2509500534188,3.5368032468067403,95726152.86475009
44-1915618-000000-000036,看一遍哭一边 女主长大了好漂亮！ 你要抛弃老爸了，呜呜,0,0,1,0,0,2,0,0,0.01149607487922705,0.013077299110591413,1688.0516548514706,19.200566971554448,11.901726271967668,32.266840912608444,0.21049949223777348,0.7888888888888889,0.001560858334414661,0.6073496341705322,-0.2844807576388961,1.7544005208333326,2.2626848187061332,-2.7143973292824084,0.4869340277777777,0.03894560185185185,131.3165491898148,13.845399676891821,4894747.519628147
44-1767138-000033-000047,气氛好赞 非常经典 ,0,1,1,0,0,0,0,0,0.01018389199255121,0.004430731758475304,1628.0118441219468,15.884037880393734,12.040611344013415,30.032867203362546,0.16157919502887788,0.9928571428571428,0.0017630682559683921,0.20321018993854525,-0.4282608362435594,2.4358389262280427,1.4780400721061786,1.3340598653656195,0.8369356043198529,0.02933357587826798,114.33972088184231,4.1384398138895,2699815.217182918
44-1575487-000111-000126,哦天呐这bgm！好评！ 啦啦啦啦啦 太甜 太甜了，给up主表白！,0,2,2,0,0,0,0,0,0.0132860725308642,0.234004944562912,1685.571144084494,18.673647827795808,12.223655994319365,33.402258285346875,0.1775255408653846,0.0,0.10818734765052797,0.7618993520736694,-0.37821980478477424,2.6509790981359647,1.6808053392870697,-1.9569204488475416,0.7621431834795322,0.05785316154970761,122.82341785453218,5.054306579007664,81824266.7202273
44-1575487-000000-000028,宇宙夫夫歌太土了哈哈哈哈哈哈哈 bgm笑cry 多燦爛的笑容2333333 ………這鄉土劇的節奏…………,1,2,1,1,0,0,0,0,0.011969944082013049,0.1549689620733261,1589.4692545822227,20.838237445136315,17.052913454684045,36.637725317078136,0.1660592792839404,0.0,0.007886773906648159,0.9656782150268556,-0.3737599771180991,2.7527345610119047,1.6754565054253945,-0.8637536632719499,0.6925818452380952,0.10038814484126984,98.01340178571428,3.316587302319216,74142358.82025968
44-1243905-000030-000049,神魔井cos作品赛高！！！！！！ 很喜欢啊啊 大爱女神！！！！！！！！！,2,0,0,0,0,0,0,0,0.013193491845755221,0.10955526679754256,1167.0223565515867,12.65915325578831,19.43446396255565,43.91685982977319,0.11102992890815083,0.0,0.012705142609775066,0.7201740145683289,-0.32210038837274224,4.610778193721066,1.1978002401725705,-4.350397399450233,0.15172706886574078,0.5277003761574074,53.13874602141203,4.325493077859776,103359830.35144588
44-726546-000203-000223,哈哈哈哈哈哈哈哈 233333333333 笑死我,0,2,1,0,0,0,0,0,0.011928690424453136,0.059652939438819885,1242.58935113526,20.635969902952027,13.260595601779315,37.46769942675434,0.12153455946180555,0.155,0.020018575713038445,0.449702262878418,-0.3722652783102376,1.8668030696128728,1.7557368850254225,-2.4208789776095108,0.8699622007151743,0.0024725007773631845,132.45378818796647,16.271021654228964,492312.5894167706
43-4884208-000054-000101,"好口怕！ 好害怕,第一次自己看恐怖片 ",0,0,0,0,0,0,0,2,0.01181071871127633,0.03518727421760559,631.9067182667231,16.699980764039587,14.805735063795053,47.17160415956665,0.06849108244243421,0.0,0.0008133462979458272,0.02067332156002521,-0.4644086198466635,2.7435235906862743,1.3702773795984848,3.5357205863204646,0.9704728349673202,0.0004901960784313724,99.81821793300655,2.753706072094804,904023.4922539468
43-4710330-000020-000035,害怕（限定） bgm不错哟 ,0,0,1,0,0,0,0,1,0.011851369598765432,0.013246389105916023,343.91250579266887,25.063313522875198,16.937372407853356,45.82247373983754,0.02289362980769231,0.9,3.2429508678433194e-07,0.0014341883361339571,-0.4969555913547529,2.8338781455988933,1.3122717327142803,7.7960596087575995,0.9924414581740046,0.0016124039477038489,217.49496248952983,6.936025481159081,41421.84882478525
43-4043272-000203-000220,那是马桶？,0,0,0,1,0,0,0,0,0.012099522835719157,0.1401192545890808,1579.4471699564315,21.96128192134078,12.304664502069784,36.700022970101855,0.1453627916382834,0.0,0.03181510418653488,0.2886022627353668,-0.3429554891492301,3.0300036623844937,2.185221699180917,-3.666164551991773,0.4645960108181203,0.060643452783412224,63.82842573811133,3.1697945482965277,83792301.22949934
43-3586495-000018-000029,这两份大薯真的好大啊。。。。 洋务派的2333 吃薯条尽然不放番茄酱╭ (°A°`)╮,2,1,0,0,0,0,0,0,0.013486669293406882,0.028027808293700215,1506.690149991483,15.458551361458909,13.489861934763436,34.56352028422575,0.1807769006039916,0.2909090909090909,0.00021091495000291616,0.1036408469080925,-0.3192369064956445,5.949870145318932,0.5929951371760658,-5.289011065899887,0.07289158950617286,0.6037847222222221,64.86273791152264,2.121101303445565,241502230.25041607
43-3400029-000212-000225,哈哈哈好可爱 2333333333333 hhhhhhh女王真的好萌啊,0,2,1,0,0,0,0,0,0.012441549766199066,0.06476869434118271,1420.2873347967547,18.208150532192754,12.818675581704571,36.45680735912306,0.1411098059386121,0.015384615384615384,0.02560664713382721,1.200439214706421,-0.3243472460111752,6.2259100378787915,0.6074930359794269,-5.6878683795967495,0.00783038720538721,0.8074921085858585,40.68575231481482,6.1584743397894695,9157950.828132326
43-3303618-000054-000105,卧槽？？ 我觉得会有我戳爷！！！ ,2,0,0,0,0,0,0,0,0.011959876543209876,0.1834606826305389,1241.8154272866134,20.15569550556207,14.964218172783509,34.054722298437646,0.10105165112920167,0.0,3.9952588081359854,3.8407158851623535,-0.3620694263872833,5.285209046378967,1.5545874476773671,-3.6409442454504592,0.1667857142857143,0.3234244791666666,58.32023375496032,2.607164113077125,194574926.5962791
43-3176092-000003-000037,完了。。。被发现啦。。。。 大写的帅气 啊啊啊啊我好紧张！！！,1,0,1,0,0,0,0,1,0.011645135158181974,0.0074191465973854065,1711.2745386986585,17.450305211454328,13.686953371448705,33.31084298091332,0.21798793485675308,0.9352941176470588,0.0003460499574430287,0.23090603947639465,-0.3960696848872645,4.751061264297387,1.7120155800839942,-1.1644291353273084,0.3356456290849674,0.13479023692810455,36.61155208333332,2.6582815364354078,99834983.20885716
43-2879712-000157-000222,好帅 一见钟情 好帅一只！这胡子这嘴巴真是萌到我了,0,1,2,0,0,0,0,0,0.01312492758660642,0.11638667434453966,1274.0824499414769,20.479985134208725,17.92025335120327,39.13265528125961,0.11363480179398147,0.0,0.010957874357700348,0.27926233410835266,-0.35724357536128626,3.6857210983808737,1.7516959438891786,-1.1935677105089118,0.47130823089469703,0.18045808966861596,76.97219039662647,,54275411.30097975
43-2754180-000037-000100,红红火火恍恍惚惚 卧槽 哈哈哈哈哈哈,1,2,0,0,0,0,0,0,0.011774848828420257,0.1055300235748291,1884.4498904124814,12.593094135800794,13.969290898974775,34.99128006920883,0.2336430693536217,0.04782608695652174,0.0615820474922657,1.248340129852295,-0.3630782270612189,2.3444713641443173,1.8155776603238116,-0.9062568424645464,0.7764011281396338,0.044693619625372515,72.04565160706684,2.9675253249711826,51254845.70160788
43-2553670-000204-000228,啊啊啊啊啊啊啊啊，亲亲啦～～～ 好害羞 啊啊啊啊啊啊啊啊啊啊！！！！！,2,0,1,0,0,0,0,0,0.012730223429951693,0.04342920333147049,1467.4341960594395,17.304040023842727,14.941718269717514,37.79794934950331,0.18128902479488415,0.1125,0.0044245938770473,0.2792578339576721,-0.3672338113590866,1.964333863811729,1.7624815768413813,-2.6254919334129045,0.7818383487654322,0.035389660493827184,146.01965084876534,13.426617415350911,1790702.243621806
43-2553670-000028-000045,在一起在一起！ yoooooooo正剧要开始了？ 这BMG=￣ω￣=,0,2,1,0,0,0,0,0,0.012802488070892978,0.023603003472089767,1353.5964002526925,16.620280186001036,14.285850548847945,37.37858084149902,0.1387942779291553,0.5470588235294118,0.001343567855656147,0.2893150448799133,-0.36614771123789375,1.7956608796296296,1.793590692467698,-2.1152890250544667,0.7494403594771243,0.0277260348583878,137.99396514161222,10.639308714818078,2486754.370339444
43-2289400-000146-000200,太不小心了吧 别便当啊啊啊啊 萌萌警察！！！hold住！！！,2,0,0,0,0,1,0,0,0.010170960066211465,0.2205248475074768,1610.1403741849124,13.21667539994867,11.498446304935493,31.1114280763388,0.18270904238861385,0.0,0.04726111888885498,1.8524770736694336,-0.3848407117082628,2.1326828497023804,1.9178484946783516,-0.21423382691075624,0.6968287037037038,0.03504918981481483,56.32375992063493,2.324661883398523,67852819.7674118
43-2154596-000112-000128,感觉好恐怖！！好害怕 giligili eye！！！,2,0,0,0,0,0,0,0,0.010772937024972857,0.010836682282388209,1412.672393508273,18.99126221020045,13.770808749460258,31.809791329467174,0.1217485549132948,0.99375,0.9267938137054444,1.46510112285614,-0.3337630988258145,2.8822804039829903,2.0250070593541234,-3.543358557517973,0.5457136015325671,0.10809544861269,123.32858037556312,11.239300862178908,14164677.329749675
43-2154596-000026-000046,音效太吓人 卧槽，那一甲板的尸体不恐怖吗 ,2,0,0,0,0,0,0,0,0.010991597856004636,0.01304187811911106,1181.2447428226656,19.783339984894642,13.21721703261503,32.1414363138755,0.08372893156828702,0.995,0.043413396924734116,0.7483887672424316,-0.4312169923470996,2.2892917543274494,1.764756352866782,-0.968509175718712,0.8211854731116582,0.04566848830049262,49.845341791529826,3.5518297598444044,8698640.67298089
43-2049846-000048-000107,好可怜 好心疼 叫妈妈这里好难过QAQ 泪目,0,0,0,0,0,0,2,0,0.011488340192043896,0.003088705241680145,1150.226987757457,11.956484050255598,15.87196694690373,36.729050703513494,0.09647296989051096,0.9947368421052633,0.059502840042114265,0.8263575434684753,-0.3480398540682334,2.8792200355714064,1.8353530474445272,-0.9315058887868692,0.5929202757019927,0.12451171875,78.29028320312501,3.609403173134529,71908653.45027415
43-1989185-000032-000045,同双梦单修pvp喵姐表示唱的挺好,0,0,0,1,0,0,0,0,0.011780505455355157,0.16844873130321505,1343.4630032741268,18.60344649058105,14.172268940778922,37.61067688796764,0.11521178547597866,0.0,0.00033106468617916107,0.03936459496617317,-0.4908223378224882,3.0592102029914523,1.3080435773121355,7.3332606244991965,0.8188368055555555,0.13572916666666668,14.093946314102563,0.4320784605357186,18413374.215342093
43-1915618-000218-000240,我看哭了 我连自己狗狗的最后一面都没见到，呜呜 哭成狗,0,0,0,0,0,0,2,0,0.013156595576619272,0.05156465247273445,1394.3575458348362,21.449874841162988,17.721803324446324,41.097321414735475,0.15769017269736846,0.06363636363636363,0.005896218121051788,0.4227267205715179,-0.25900257986948433,4.754148484848486,1.9369180256212395,-4.614368404060133,0.22102335858585856,0.1812929292929293,128.59990561868693,17.97594942362093,2880692.4598781257
43-1915618-000059-000125,QAQ 哭了 T T,0,0,0,0,0,0,2,0,0.013234146885099744,0.05003481358289719,1422.8724627847296,19.014212593289205,19.390667831461677,42.29405793723096,0.17378808767825313,0.0576923076923077,0.014717193320393562,0.4102398157119751,-0.2623889587101916,4.357603392094018,2.1436330288873635,-4.370596133563701,0.26503819444444443,0.10941987179487182,131.21105021367524,15.80446937741854,4137220.334510117
43-1915618-000000-000009, 哭死了 哭了QAQ 泪目,0,0,0,0,0,0,2,0,0.012182883750802826,0.016706347465515137,1181.2039039473452,18.961981431994708,12.338168106392539,39.72010440574452,0.1219951923076923,0.6888888888888889,0.0012202990474179387,0.07792946696281433,-0.2636359259647576,3.3847394701086966,2.1465318934654563,-3.8072397005680103,0.31313103864734304,0.05196859903381642,131.35869036835751,10.5415688822128,10103069.814706506
43-1575487-000126-000141,卧槽故人叹！！！有人性没？！！！！ 女婿老了和王师傅长得一样hhhhhhh 画风马上就不对了啊(?)?Д?(ヽ) ,2,1,0,0,0,0,0,0,0.012514467592592593,0.12785787880420685,1439.004887646797,21.243712769518662,17.10050763246123,37.57582526064871,0.12321965144230768,0.0,0.02890539355576038,0.8401260375976562,-0.38802019948351857,2.6563249725877185,1.8487348506082943,-0.7658998790718665,0.6848830409356723,0.0527046783625731,75.47669088084794,2.6816584463844846,58176762.99694302
43-1238784-000026-000043,喵星人威武！！！！！ 哇 马达加斯加发声蟑螂,2,0,0,0,0,0,0,0,0.012035616905248807,0.06305848062038423,1525.830037268952,19.752260085172182,13.527149990137891,35.412182420709954,0.18366692566416892,0.28823529411764703,0.02653452754020691,0.9837281703948976,-0.3331128851886905,2.9728666675710134,2.644998914299323,-3.643616279690849,0.1769020682420395,0.10092695587690027,59.97511417383361,5.443811682970191,22816608.22437075
43-726546-000249-000257,吓死我了！！！！！！ 吓死本宝宝了 233333333333333,2,1,0,0,0,0,0,0,0.011498917748917748,0.07858067750930786,928.9420810686715,18.385693520487347,12.864603102910705,41.38542071389933,0.12137156519396552,0.4375,0.025255616754293442,0.976103901863098,-0.3796122804112064,2.018920650652985,1.7904188253104067,-2.1608748039587224,0.7872667910447758,0.030781250000000007,121.19283115671642,16.310099390374436,1073044.4927732444
42-4881944-000013-000028,喜欢喜欢  你妹！！好苏！！！声音好听！！！,0,2,0,0,0,0,0,0,0.011471595293209876,0.06846076995134354,1259.981936926552,13.964004852856787,10.489703093925536,35.55152601938313,0.12456580528846152,0.02666666666666667,0.184068575501442,0.6371092200279236,-0.3490267614227736,2.313178233972277,1.5798382843897858,-3.084220380988399,0.8410135098548842,0.06791612518951701,206.83780796512886,9.524228857806255,7484413.047405102
42-4707490-000009-000019,这个笑容我来守护 大爱 啊呜呜嘘嘘,1,1,1,0,0,0,0,0,0.013120298032407407,0.2583237588405609,1225.4721881070786,18.52715368581773,12.894811016148346,37.46586647527362,0.12850572436635946,0.0,0.4137142300605774,1.7431057691574097,-0.4099612210663297,4.2617811890838215,1.3837054283603696,-1.366417283125711,0.41734080571799853,0.25778508771929826,40.977185875568544,1.7292640891688258,244748804.40974632
42-3954629-000034-000047,哇哦 四川  excuse me??!! 杰森·郭达·斯坦森！！！！ ,2,1,0,0,0,0,0,0,0.012476341572032954,0.008782255463302134,1415.374969732414,20.246493043075077,14.09520523423611,34.340559328149745,0.13647547820284694,0.9923076923076924,1.6348831653594968,1.3862065076828003,-0.3859493124059087,2.3987529296875,1.6922000586306545,-0.09651456417507677,0.6640847439236109,0.0601443142361111,108.89342719184029,4.159026804452561,46366847.30043643
42-3586495-000029-000041,233333333 看郭达233333 四川什么鬼？,1,2,0,0,0,0,0,0,0.013218546637744034,0.07923486083745956,1554.5050171613098,13.06474159014674,13.074045184409787,34.6548809647519,0.1753455528846154,0.04166666666666666,0.001003251876682043,0.06895115226507187,-0.3131789557430574,5.7912638888888885,0.613201550723864,-5.157194435838721,0.07200191570881226,0.6322850814176243,70.82765265804599,2.091255679867701,263318736.6071913
42-3398864-000105-000116,马丹 你瞄准点啊喂！外面的妹子是无辜的！ 眼睛好吓人,1,0,0,0,0,0,0,1,0.013002364066193851,0.04421186819672585,1302.059649986927,20.716417753069774,13.174787366299073,40.074294971274966,0.13983923647584034,0.3545454545454545,0.0835847333073616,0.33934885263442993,-0.4121681098183977,2.356646990740741,1.6642193670526952,0.20444389025527201,0.8555787037037037,0.05077803497942387,52.24457947530865,4.2662811392068765,22477124.120331746
42-3176092-000214-000224,为什么裸着！！！！！！！ 卧槽恋儿？!？!？!,2,0,0,0,0,0,0,0,0.011827256944444444,0.003793535986915231,1786.9259940376962,18.00873098626905,13.694392251278241,31.318479823341445,0.21443197364631336,0.96,0.0003431554650887847,0.12335779517889026,-0.3889520978593925,2.3679850000000005,1.6437045140061877,-0.2406949008246534,0.8427041666666666,0.02614305555555556,83.32273680555556,2.288576053948065,95437744.39306659
42-2982995-000022-000036,哈哈哈  简直了 女生声音真好听 莫名感动 女声好评,0,1,2,0,0,0,0,0,0.012278864059590316,0.19531442224979398,1246.9499569475186,26.090735669129483,16.588827296027304,37.6219845033571,0.10593285891089108,0.0,0.011821064166724682,0.4664049744606018,-0.32291381006825154,3.9283892471340387,2.1143361286090383,-4.063995267719358,0.274255033803645,0.14120921516754853,76.32112929894181,3.5365517900659538,73626409.95572434
42-2879712-000020-000043,啧啧大爱 啊啊~啊啊啊啊啊啊啊啊 颜值不符合审美啊啊啊 hhhh好怕我妈进来,2,1,0,0,0,0,0,0,0.012196082136558328,0.08405770361423492,1269.0836379273198,16.893138993317102,15.618162443295242,37.766589997345015,0.1254362110160966,0.09565217391304348,0.0013871523551642895,0.4467524290084839,-0.3326335920539937,3.8222805937256954,2.0368815951983037,-1.5518894940746273,0.4857402126004667,0.1383264194970184,91.13838367470406,4.76554269852275,40628362.13368354
42-2754180-000122-000135,233333333333约会地点 bgm一秒出戏233333 哈哈哈哈哈哈,0,2,0,0,0,0,0,0,0.011836172344689378,0.018145127221941948,1887.946677195968,13.61901905844842,12.476008806054411,40.58196040048611,0.2449538478647687,0.7846153846153846,0.07030047476291656,0.6171308755874634,-0.3904121971213975,2.784912890478862,1.5817385063889051,-1.0512785032763992,0.7431556303778525,0.09035260007482228,62.65924639917695,2.9055798836688824,55457179.79203106
42-2553670-000200-000215,韩国教室好爽！还推拉门！好高级！连校服都那么制服,1,0,0,0,0,0,0,0,0.01156201774691358,0.025561153888702396,1581.0608024047174,14.567868717842028,13.055155278051915,34.95591884191676,0.20090294471153847,0.66,0.00015302824613172558,0.07283810526132584,-0.2731221514932645,4.419953935185187,1.6222835751049367,-4.5573097092013874,0.2196604938271604,0.22027469135802474,100.96051080246912,4.75073114312942,40945563.29839778
42-2397665-000151-000200,广场舞styl~ 儿子自带bgm,0,0,2,0,0,0,0,0,0.012885356454720616,0.13610093295574188,1690.88495462139,25.124698674702497,14.09133291101858,31.145004374958265,0.1749649439102564,0.0,0.0877574011683464,0.5666738748550415,-0.2666762674382273,6.374513275112232,1.2943601104526117,-5.870573121624227,0.03116547418630752,0.6028780864197529,85.31050960998877,7.308098270273603,12127054.596842134
42-2289400-000211-000237,要出事?? 糟糕了 ,0,0,0,0,0,0,0,2,0.01085200044578179,0.21111540496349332,1782.690275456703,14.734399895421856,12.809532012418769,32.563715159470696,0.24031880152629234,0.0,0.02134087309241295,0.5661967992782593,-0.3921074386938647,1.8611640068554136,1.8297445809366135,-0.16952597510183026,0.7194399928774929,0.026862313034188037,92.76016871438743,3.5500283723390496,9657898.22608339
42-2154596-000118-000130, 作为锤哥死忠真的不想锤弟先死啊啊啊啊啊啊！ 吓得我一直暂停= = 维多是锤哥啊啊啊啊啊啊 即使是第二次看。。也是觉得蛮恐怖,2,0,0,0,0,0,0,1,0.010793263436972764,0.011438081040978432,598.0930364207815,19.363247686009714,12.416186028566262,44.294384679817,0.045547250600961535,0.9833333333333332,0.003072785679250956,0.0940639227628708,-0.3698822573812048,1.7467833255478167,1.8384081525145832,-2.817704903282656,0.8753383160636429,0.009551058830190815,89.2860281835683,10.40096091402662,7522985.527555225
42-2154596-000027-000038,都是害怕惹的祸，造纸不开弹幕了 ,0,0,0,0,0,0,0,1,0.01136885999474652,0.02528233453631401,561.084698014162,20.127122063129804,12.854479656329575,48.49966788353678,0.06163832720588235,0.3727272727272728,0.011368712410330772,0.3048695921897888,-0.3730822044304696,1.659045376451986,2.0037756260188897,-1.248043251093741,0.7511292799367513,0.013725825579273857,64.44554825761722,5.7724230907872816,47148566.49708056
42-2049846-000247-000304,虐死了woc 看到这里的时候我哭瞎了…… 心疼女主~~~~/(ㄒoㄒ)/~~,0,0,0,0,0,0,0,2,0.012419052488070893,0.007992666214704514,1564.1364745378428,15.663154778016402,11.78138696839452,34.32657058753464,0.1907356948228883,0.9176470588235294,0.02412940748035908,0.42725777626037603,-0.346206733409048,1.999090989689193,2.1693682014988203,-0.4706079198739077,0.5718368902439024,0.02049061017953929,73.79140267721039,3.1670127090479663,62995185.00193888
42-2049846-000145-000200,(?；ω；`)哭成狗 伤感 虐哭不想打字,0,0,0,0,0,0,0,2,0.010736159336419752,0.00240585464052856,1250.840963088426,15.573008250906707,11.0917169803218,33.690156664474124,0.11934194711538462,0.9733333333333334,2.9738439479842785e-05,0.10332123190164566,-0.334296353588292,1.7686544536072528,2.199214818246801,-0.2378321520487475,0.4733231155960648,0.02761426384066358,98.22880949797455,2.652864939827093,87771726.40542643
42-1989185-000046-000102,hhhhhhh 233333333,0,2,0,0,0,0,0,0,0.01254863373145132,0.1455383151769638,1315.2632720196027,17.965810429151908,13.785146489606547,37.38332516840728,0.11155815345014453,0.01875,0.0002395224291831255,0.037503384053707116,-0.4886434433411903,3.093776204427082,1.326684146902257,7.205808285861541,0.8122764756944446,0.14122829861111116,16.792825520833333,0.4702338008878395,26073414.10817395
42-1915618-000110-000127,虐到不行了 QAQ 最心痛是爱得太迟 T^T,0,0,0,0,0,0,1,2,0.010965192569870484,0.03716035932302475,788.5194166017417,22.689493279390803,12.940267277039425,49.66068133992986,0.08717217302452318,0.17058823529411765,0.0019545224495232105,0.12224269658327105,-0.2701261734127003,4.9957960675064585,1.9536075819219527,-4.695744270454822,0.22309512273901808,0.10905281007751934,102.83807210917313,15.013369620541965,8216958.6033272585
42-1766845-000050-000059,汉尼拔气场赞啊 必须拔叔屌啊,1,1,0,0,0,0,0,0,0.012102601156069363,0.1840355545282364,1621.55360526475,23.92161931354435,14.227433682378823,34.69964197625012,0.19647435897435894,0.0,0.0007297453703358768,0.18434546887874606,-0.4134269139350967,2.354964251893939,1.9157287820909619,-0.2247587493588228,0.7161647727272727,0.038233112373737374,43.86638257575756,1.8980282690972103,102997047.68964656
42-1766845-000011-000020,表白up主！！ 好顶赞 rapper哈哈哈哈哈哈哈,0,2,0,0,0,0,0,0,0.012754897238278742,0.17206087708473206,1380.594038449534,25.779442655993467,15.234069621735534,33.957379434258634,0.11972155448717947,0.0,0.022889567539095882,0.6684192419052124,-0.4068983829038855,2.8704716303661617,1.6292991604501756,-3.1829321641710067,0.7609911616161615,0.04261916035353535,72.70805082070706,6.250108066909497,14111875.24716176
39-389503-000011-000024,光晕是神作无误 超级烂片  前面的废话实在太多 呵呵后面他们就知道叛军是啥了 光环很有名的好吧？,0,0,0,0,2,1,0,0,0.01357576263638388,0.09172286093235016,1002.5440715491287,17.79349302567527,16.643218148627017,43.206400577967926,0.09232512233096084,0.02307692307692308,0.21758480370044708,0.7166818380355835,-0.3773738077671692,2.307131382204452,1.8101464516573345,-2.3774452666516583,0.8343828309257076,0.021128528522995283,89.01385382886204,10.37590905479301,3352512.063116145
39-2049846-000030-000052,233333333333333 太羞耻了！！！ 这什么鬼电影 炸了 我的眼睛  哈哈哈哈哈哈哈哈我去 这片到底是什么属性 从不一样的美男过来的 结果又瞎了！瞎了！！ 我要报警了  我需要更多的弹幕为我挡过这一段。。。 导演泥垢 我来b战竟然看一个gay跳舞！(ノ=Д=)ノ┻━┻ OMG MY EYE 我选择死亡！ 是真的毁了三观,2,1,1,0,0,0,0,0,0.010947373617693523,0.04644373059272766,1429.6946862774969,17.530621697140436,14.133227729092102,36.338386893751135,0.17646792763157895,0.0,0.007351414300501347,1.222784399986267,-0.3841606312437184,2.3518912453321543,1.709846336825534,-0.35776998012070954,0.7926657494758911,0.022781340081236896,105.97380580942085,2.4963726680588167,71469590.88568117
39-2154596-000042-000052,80年后 你回眸一笑   娘嘞 吓死老子了 死亡之眸  出海好危险的 QAQ   ,0,0,1,1,0,1,1,0,0.011908637152777778,0.017976606264710426,868.3064411716948,24.181947888939128,12.010500796158393,50.712957170251634,0.13747479838709678,0.66,0.3686046600341797,1.3623987436294556,-0.3549089653710707,3.74605351156267,1.1718390468043405,-4.1357648474114415,0.033122947454844016,0.8492563799945265,19.9801095545977,7.33348126962991,28080173.21943751
39-2397665-000024-000033,总觉得这两狐狸有点小帅我是不是有病QwQ 男狐狸精啊这是 男狐狸精啊这是 哈哈哈哈哈哈表弟表哥要一起 喜欢表哥声音+1 前面的，我也觉得帅~~~~大概是没有病吧！！！ ,1,1,2,1,0,0,0,0,0.011370022479126524,0.030438678339123726,1003.8070039963992,25.35130029320768,11.106848744761159,36.786842194921405,0.07845052083333333,0.16666666666666666,0.0004898126935586333,0.06680937111377716,-0.3645548952834668,2.108810728815937,1.606192843040364,-2.6761679520903474,0.8425505050505048,0.0034357463524130193,157.10891694725026,9.32967547256999,1078461.4828580671
39-2877239-000014-000030,卧槽，剧本不对啊。 年轻的单身妈妈啊～,0,0,0,1,1,1,0,0,0.01164382012305465,0.004568557720631361,1573.6512977824439,21.88565218702232,11.122924124225992,31.774000275563502,0.18405662933526007,0.9375,0.0013123358367010949,0.12321770936250688,-0.3281764018468528,2.0687272673314347,2.0309904215585908,-0.46851145270704797,0.7514001661918329,0.013590337132003798,112.38695512820513,5.857011214034897,19582428.747532614
39-3397859-000004-000013,雾草！月刊！！！ 233333333空耳 表白月刊少女 月刊少女！！！！！！！！  迷醉  表白仙╭(╯ε╰)╮,1,1,2,1,0,0,0,0,0.014952633269107255,0.09025415033102037,728.8032875738147,16.18976203236834,19.82253789908213,55.29938213796133,0.07811748798076923,0.13333333333333333,9.780250547919422e-05,0.056896962225437164,-0.4670458950592759,3.3846158288043484,1.222431849067438,4.919680028117449,0.015184178743961354,0.9662537741545896,10.822632095410626,0.7630424123533628,27858465.20982386
39-1756772-000000-000018,BGM 好评！！！！ 老妖~~~   心疼杀杀  被自己帅哭系列。。。  老妖？？？？？卧槽？？？？？给我纸巾立马哭？？？  ,0,0,0,0,0,1,1,1,0.012356287184434796,0.06631273776292801,1233.5165236314301,14.944369465909356,15.348388791173349,38.579310717200954,0.11886573144280205,0.011111111111111113,0.007277426309883594,0.3335622549057007,-0.35756338921773345,1.0367437114197529,2.034654847110493,-2.4191422313850306,0.35891666666666666,0.12121604938271605,83.6556072530864,6.875110443855866,1773486.105638364
39-2289400-000000-000013,居然还敢大晚上自己出门。。  你 疯 了 吗   喜欢她的雪地靴( ????? )   卧槽大晚上不想活了？！咔机嘛！ 在家最安全啊 你要去哪╭(°A°`)╮   一个警察 能把手机带身上吗。。。。。。,0,0,0,0,0,1,0,0,0.011780505455355157,0.1569647490978241,1868.4900762580505,15.7812294475787,12.403913764345903,32.19426046196943,0.2299630921930605,0.0,0.005332121625542641,0.6403720378875732,-0.4117013344831361,2.8437852118945868,1.868495598210801,-0.6277839469540161,0.7301718304843304,0.016209935897435888,66.05312544515671,3.5825462971355293,31012866.39473278
39-2739984-000000-000015,哦哦哦哦麦叔  233333333好医生  表白我麦子叔！！！  这么暖  ,1,1,1,0,0,0,0,0,0.011411313657407407,0.0669814720749855,1716.9358748436275,11.529306561427305,11.629800478720028,36.09640466369422,0.2418269230769231,0.04,0.00038329907692968845,0.05747609585523605,-0.3156336172266725,1.7166065779320985,1.9703403347654376,-2.6303233194986984,0.6284341242283951,0.054293981481481485,138.25302324459878,3.5335468185468475,42374196.54781466
39-4699043-000000-000010,表白我伦！！！！！！！ 我大杰伦！！！！ 哈哈哈哈哈哈见伦滚  啦啦啦啦  什么鬼  小公举！！  我类个去  有趣  神经病啊哈哈哈哈哈哈哈自带弹幕 ,1,1,2,0,0,0,0,0,0.01221607349537037,0.15818212926387787,1570.3165543947061,18.038032034863622,13.557101725459724,34.316743586287544,0.17247803859447006,0.02,0.03859920799732208,0.8701829314231873,-0.29055751229335075,5.282088511208578,0.839872877962391,-5.111679756665244,0.0534610542560104,0.7382137345679013,68.5340277777778,3.777115234619695,67900109.05532409
39-1574202-000053-000102,绿了！银树爷爷  心疼……  天哪路麻麻是宝石哈哈哈哈哈哈，毫无违和感   弟弟hhhhhhhhhhhhhhhhhh  妈妈居然是宝石233333  诶嘛我去  ,0,1,2,0,0,0,0,0,0.014139771997430956,0.08185667544603348,914.648222333018,21.95815192753436,18.190632601661868,39.668100255705575,0.09203976362179488,0.03333333333333333,1.5467307567596436,1.4382283687591553,-0.38292219259314586,2.899015750805153,1.4511556111519952,-0.1807623722029328,0.796459675254965,0.08375570316693505,107.33059916800856,5.0756951675330475,16990953.760765266
39-2982995-000053-000109,双好好萌  小公举  蒙娜丽双哟(*?︶?*).。.:*?  好暖,0,0,2,2,0,0,0,0,0.012593874411871157,0.16225571930408478,1547.153584462665,22.16340284384572,15.116651046383685,34.54079986593,0.1304091966221098,0.01875,0.1358562558889389,1.4853332042694092,-0.3125060331995685,4.938965020576132,1.62988473562089,-4.887240618770899,0.13200086805555558,0.3907634066358025,58.33774546682099,3.5591117219854085,83306831.39865358
39-4868546-000056-000112,对对对片头3D特别棒 心疼老万  剧情设计不及美队3 看来美队的政治意义堪比春晚  开场看到脆皮鸡我真笑了 还有狗头  片头超级棒啊！！ x教授还是有头发更帅！  教授好美啊  片头看得我一脸懵逼，但是超好看,0,0,0,0,1,0,0,0,0.012107537097357944,0.1713738590478897,937.5013955138015,18.265449364251467,15.276544614534819,41.49961896472997,0.09940615968208093,0.03125,0.0009341948898509145,0.19281843304634091,-0.4125775338964513,4.235951604438447,1.0112247281543718,2.3003483021176963,0.3951298295596541,0.2987910481331534,64.97630204428452,2.6491865079958923,94759355.67927098
38-389503-000020-000033,之就是传说中的伪纪录片  士官长士官长士官长士官长士官长士官长士官 字幕君你碉堡了，娜姐我爱你 你好丑啊 赶快便当了吧 我们要看萌妹子 ,0,0,0,0,2,0,0,0,0.012316299265197063,0.11391014605760574,821.1647070610393,16.910703059528768,15.205516375633087,44.259589879981355,0.06590928047153025,0.0,0.05719895288348197,0.5135188698768616,-0.3208347887530721,3.325608105929393,1.862124640133373,-2.9615180620157493,0.4900766048791274,0.11559482790389153,64.40482315927183,7.898492297181134,6624499.529621736
38-1574202-000031-000045,哈哈哈哈哈 直男的世界 卧槽笑哭了 笑哭23333 奇力这万念俱灰看透沧桑的眼神 哈哈哈哈哈笑出腹肌了 233333大舅什么cp没经历过,0,1,2,0,0,0,0,0,0.014444961721498034,0.07025213539600372,1471.9272910187258,6.3605489004707145,9.912623924327127,34.479761971816046,0.2562090681724423,0.2928571428571429,0.0011891376925632358,0.19122925400733948,-0.4207676340133733,2.456176951058201,1.5026510942668934,1.2468321736524464,0.9369911816578484,0.005352733686067016,136.4369025573192,4.944788149056485,3593816.022572815
38-2552691-000010-000016,节奏感棒 who am i 给我希林表白 好帅！！！ 卧槽 燃暴 啊啊啊吧唧 ,2,1,1,0,0,0,0,0,0.010506854256854256,0.2404074668884277,1563.569098463196,15.548914217049838,14.315681958321607,32.09418129380479,0.1497783954326923,0.0,0.13154330849647522,1.2395522594451904,-0.4044228517647404,3.1478289609053487,1.4558215846582545,1.0654534427511992,0.6187941529492458,0.11573131001371742,81.21002014746226,,108359031.33585624
38-3299671-000000-000015,抖森别哭啊啊啊啊QAQ美哭了!!!!!!!!! 这个美翻了基妹 啊啊啊啊我要阵亡了 老公别哭啊啊啊啊 我坚持这段是甜的 虐qaq  天啊 ,1,0,0,0,0,1,1,2,0.01326195987654321,0.04822232946753502,986.9624303696487,22.951754943738354,19.428573226602,47.21989678182664,0.09377554086538463,0.013333333333333334,0.006231272593140602,0.7918351888656616,-0.3599350775908939,3.1680394890260644,1.5529859307755856,-0.7138603138395927,0.6336325445816188,0.10424759945130316,98.24154303840879,2.7754915428364706,94659697.85641418
38-4691871-000022-000030,哈哈哈哈哈画风清奇 又被鬼畜了2333333333333333333 Duang加特效～ 对对对，你最帅 方了，皮革厂来了 我去  就算这样也好帅啊 毫无违和。 红红火火恍恍惚惚 真是够了·· 笑抽 杨总最帅！！！！,1,2,2,0,0,0,0,0,0.013257575757575758,0.1908695995807648,1481.4827563346162,23.796589747459464,11.76693466388941,32.05794668378179,0.07932605962643678,0.0,0.0505623035132885,1.0606446266174316,-0.3699014442306613,4.771903472222223,0.7964353576201437,-1.5956462676323793,0.28474913194444434,0.5497256944444444,38.67580034722222,2.3627126820373623,188428187.76160303
38-4864353-000040-000050,天启好评! 酷炫的字幕··· 大爱小蜘蛛 帅帅帅帅帅帅的 ,1,0,0,0,0,1,1,2,0.013011791087962963,0.0739978775382042,1294.952145282593,23.09249866375833,17.591293996110455,38.41524752504857,0.1371125252016129,0.0,0.2930609881877899,1.598874568939209,-0.39301382562454185,1.7347197348115655,1.8519786008784287,0.28894169687093796,0.8668971328784925,0.010717186484730344,58.354937256335276,6.135329665537834,2146285.5033491584
38-4864353-000006-000018,老爷啊啊啊啊  各种死法，《死神来了》英雄版 悲剧的老爷 罚叔！！！嘤嘤嘤 ,1,1,0,0,0,0,0,0,0.01323361050855628,0.05891752243041992,800.0027649708768,25.0314526524966,19.04843256660002,40.639859494212494,0.06637432391826924,0.0,0.009785248897969723,0.7290113568305969,-0.3954888675413947,2.713927875243665,1.6923486239355765,-0.3017468562525216,0.7041691873361566,0.11959064327485384,49.11827737447065,5.217119736467443,59520249.47007909
37-726546-000107-000130,bgm好评 有没有高能预警啊我害怕 吓得我都不敢带耳机 主要是背景音乐吓人 ,2,0,0,0,0,0,0,0,0.011148904006046864,0.012133126147091387,803.1730305439658,17.867150793429317,16.308728833440544,42.86693578988311,0.08270718058350099,0.982608695652174,0.04894234612584114,0.787680983543396,-0.36867828297035016,3.902683443829958,1.4583996833496329,-4.149586210791745,0.2691851845682303,0.3531816364605544,35.06116196361941,3.88832626222256,24385990.68480682
37-726546-000244-000306,啊啊啊啊啊啊啊啊啊啊啊 高能 我擦，你坐在他上面 少年好胆量 ,2,0,0,0,0,0,0,0,0.01124358214849921,0.0455152839422226,1276.1695267089538,17.802640401947,14.161468737563094,36.34005825604414,0.13917557565789473,0.65,0.004561287350952625,0.2816683053970337,-0.3734879828440825,4.759844080012672,1.9890823469867127,-4.681434331465828,0.1026951034919741,0.2624102365530836,28.412476239087592,4.3772163765489385,35634370.65492565
37-1238784-000232-000245,老了。。。。不中用了 密集恐惧症。。。好吧 小时候最喜欢这个记忆消除器了 卧槽这星星的密集度…… ,0,0,1,2,0,0,0,0,0.0107854598085059,0.013664066791534424,1256.4366236159226,17.42188795533384,13.020287990843112,37.8499024502372,0.12537533362989325,0.8538461538461538,0.0003739110834430903,0.043034486472606666,-0.4449598828383737,1.8053320529755288,1.808677711181108,0.6902271954370591,0.8534905682239525,0.005328258249907302,49.825376575825,2.43544439922601,4714536.109420425
37-1238784-000000-000020,为何 这么可爱的 = 哈哈哈 额。。好恶心…… 哦厚~ 小怪兽的愤怒 第二部巨型烟花很萌我,1,1,2,0,0,0,0,0,0.010801463131971606,0.17985065281391144,1493.3606217672684,18.47462268272146,11.040840288980807,35.63434255070732,0.19577591507523148,0.0,0.07491520792245865,2.1082172393798833,-0.39855729888370456,1.324669231244593,2.1235336244959644,-2.1222042240703405,0.5782269651464592,0.025187708565072298,65.81043675071068,9.01877490978733,2828210.55305041
37-1574202-000010-000020,领主哈哈哈哈哈哈 233333333333333333333333 跪了 领主锃亮的脑门 画风突变 几个孩子要疯了+1 笑cry了 要死辣哈哈哈大王好脑洞23333 恍恍惚惚红红火火,0,1,2,0,0,0,0,0,0.012876157407407407,0.3026314377784729,1326.427869030255,11.927193179724915,11.95093770595582,41.554087397619476,0.1563962593605991,0.0,0.032939378172159195,0.6367343664169312,-0.3997048196800719,2.453526604938272,1.611019467197225,-0.3944557512538587,0.8805361111111111,0.011895370370370372,123.89723672839509,4.165577539553392,17415998.62848908
37-1756772-000000-000012,美美美 我也要做梦梦到白胖砸QAQ！！ 感觉有一堆CP 好漂亮( ⊙ o ⊙ )啊！( ⊙ o ⊙ )啊！( ⊙ o ⊙ )啊！ 梦殿好美~~[口水~] 这耳朵萌萌哒 ,0,1,1,1,0,0,0,0,0.01016058086285852,0.08387046307325363,385.7864015743258,24.64615975018145,10.93461275453191,45.250568864420615,0.03133263221153846,0.05,8.514148066751659e-05,0.05393871665000916,-0.35216370033019395,2.5086798611111103,2.0284206142123944,-2.772320519748264,0.6088987268518518,0.08044212962962963,80.63647222222221,6.06325237058523,38368147.81360031
37-1915618-000147-000200,加濑亮啊  不要给我 加濑亮诶拜托！！！！ 帅个锤子 你眼瞎吗！ 帅？你逗我么【手动再见 翘脚的凳子好萌……  加濑亮的和尚头可是很帅的哦！！！ ,0,0,1,1,0,0,0,0,0.01054191716766867,0.0388248972594738,2201.676120197189,15.475897063542813,11.120836067618143,30.4110959308857,0.3479325372553381,0.2384615384615385,9.810753908823244e-06,0.1107020229101181,-0.3464327158720269,3.0026000368265997,1.8851354542586196,-2.017932343125264,0.7268923611111109,0.020343013468013472,178.9817308501683,10.251933081391801,13194257.957672495
37-1987331-000244-000307,怎么这样！ 爱丽丝果然是喜欢他了 干哈 花自己有病啊  雾草！！！画风突变。。。 男主这个弱鸡  一点用都没有  还让两个女人为他这样 卧槽  我的天！,1,0,1,0,0,0,0,0,0.01062137818090199,0.09430298954248427,1352.880426291292,14.237990260915847,10.204167124075576,38.39982885201793,0.17169521032444668,0.0,1.5359395742416382,3.81090784072876,-0.3425512961908785,3.76449343794792,1.2543069655238896,-3.997643506395948,0.25986962162233906,0.4537819517439083,46.07330196222858,5.802417436998064,13226090.60090037
37-2049846-000000-000016,卧槽总觉得胖子最后被骗了 萌萌哒也是几年前看过 帅 我好喜欢这一段啊 莫名觉得很感动，很想哭啊 duang 我觉得我眼睛也直了 我要瞎了！！！Prprprprprpr,0,0,0,0,1,1,0,0,0.013204623597538908,0.035762473940849304,1214.9831554715386,17.62935529903825,18.301619691308357,41.46620567841982,0.1485207618316474,0.11875,0.02811278216540813,1.100251317024231,-0.4217199934260428,2.3995102580795944,1.6399754549906589,-0.3753137393962294,0.8846578136128918,0.008097678507834756,110.11118901353277,4.625282203339715,7279704.92676637
37-2154596-000048-000106,作死开始 竟然还不走...太佩服了 這個聲音..... 二周目表示细思极恐 是女主的呼救,1,0,0,0,0,0,1,1,0.012235689017526934,0.025959528982639316,1231.638097689062,17.893547250815168,11.840352355188674,44.105393383551615,0.14257686977827766,0.2833333333333333,0.0007800826570019126,0.367925763130188,-0.4115000956761648,1.912992412580236,2.202933453508941,-1.8323739505488232,0.6983677601134497,0.01412967420510524,42.267107030900114,2.662067506969691,12641287.27408818
37-2154596-000144-000204,吓死宝宝了 这样都无风我也是醉了 你们现在才收帆也是心大…… 叫你们作死 让你们不跑,1,0,0,0,0,0,0,1,0.010493625959727654,0.09078391641378404,1156.1574269885746,16.301283078064802,10.567281816941195,34.00575163552179,0.11486251265914353,0.0,0.19193732738494876,3.717774629592896,-0.35718036172184425,1.5696371057402845,2.4367895384228264,-2.821546736560107,0.4187899818691844,0.09369120313355228,63.70012015941433,20.094789928540248,1250983.3301832608
